CSI_DATA,STA,00:70:07:26:35:95,-65,11,1,2,1,1,1,0,0,0,0,-97,0,6,1,696350325,0,110,0,0,696.978,384,[110 96 6 0 0 0 0 0 0 0 -6 -2 -21 -7 -21 -7 -21 -8 -21 -9 -21 -9 -21 -10 -20 -11 -19 -11 -18 -11 -18 -11 -18 -12 -18 -12 -18 -12 -17 -13 -17 -12 -16 -13 -15 -12 -15 -12 -15 -12 -14 -12 -14 -11 -13 -11 -13 -11 -13 -11 -13 -11 -13 -10 -7 -5 -12 -10 -12 -9 -12 -9 -12 -8 -12 -8 -12 -8 -12 -7 -12 -6 -12 -6 -13 -5 -13 -5 -12 -4 -12 -4 -12 -3 -12 -3 -12 -3 -12 -3 -12 -2 -12 -1 -12 -1 -12 -1 -12 -1 -12 0 -12 1 -12 1 -12 2 -3 0 0 0 0 0 0 0 0 0 ]
CSI_DATA,STA,00:70:07:26:35:95,-65,11,1,2,1,1,1,0,0,0,0,-97,0,6,1,696431443,0,110,0,0,697.059,384,[110 96 6 0 0 0 0 0 0 0 2 -4 12 -16 12 -16 13 -15 13 -15 13 -15 13 -15 14 -14 14 -13 14 -13 14 -13 15 -13 15 -12 15 -11 14 -11 14 -11 15 -11 14 -10 13 -10 13 -10 13 -10 12 -10 12 -10 12 -9 12 -9 11 -10 11 -10 5 -5 10 -10 10 -10 9 -10 9 -10 8 -10 8 -10 7 -10 7 -10 6 -10 5 -10 5 -10 5 -10 4 -10 4 -10 4 -11 3 -11 3 -11 2 -11 1 -11 1 -11 1 -11 0 -11 0 -11 -1 -11 -1 -11 -1 -10 -1 -3 0 0 0 0 0 0 0 0 ]
CSI_DATA,STA,00:70:07:26:35:95,-65,11,1,2,1,1,1,0,0,0,0,-97,0,6,1,696532181,0,110,0,0,697.16,384,[110 96 6 0 0 0 0 0 0 0 -4 -5 -12 -19 -12 -19 -11 -20 -11 -20 -10 -20 -10 -20 -9 -21 -8 -21 -8 -21 -8 -20 -8 -21 -7 -21 -6 -20 -5 -20 -5 -20 -4 -20 -4 -20 -4 -19 -4 -18 -4 -18 -4 -18 -4 -17 -5 -17 -5 -16 -4 -16 -4 -16 -2 -8 -4 -16 -4 -15 -4 -14 -5 -14 -5 -13 -5 -14 -6 -13 -6 -13 -7 -12 -7 -12 -7 -12 -7 -11 -8 -11 -8 -10 -8 -11 -8 -11 -8 -10 -8 -10 -9 -9 -9 -8 -9 -8 -10 -7 -11 -7 -11 -7 -11 -6 -11 -6 -3 -2 0 0 0 0 0 0 0 0 ]
CSI_DATA,STA,00:70:07:26:35:95,-66,11,1,3,1,1,1,0,0,0,0,-97,0,6,1,696615783,0,110,0,0,697.243,384,[110 96 6 0 0 0 0 0 0 0 -5 -1 -19 -3 -19 -4 -19 -4 -19 -5 -19 -5 -18 -6 -18 -7 -18 -7 -17 -7 -17 -7 -18 -7 -18 -7 -17 -7 -16 -7 -16 -7 -15 -8 -15 -8 -15 -8 -15 -8 -14 -8 -14 -8 -13 -8 -13 -7 -13 -6 -13 -6 -13 -6 -7 -3 -12 -6 -12 -5 -12 -5 -12 -4 -12 -4 -12 -4 -12 -4 -12 -3 -11 -3 -11 -2 -11 -1 -11 -1 -11 0 -11 0 -10 0 -10 0 -10 1 -10 1 -10 2 -10 2 -10 2 -10 2 -10 3 -9 4 -9 4 -9 4 -3 1 0 0 0 0 0 0 0 0 ]
CSI_DATA,STA,00:70:07:26:35:95,-64,11,1,2,1,1,1,0,0,0,0,-97,0,6,1,696718374,0,110,0,0,697.346,384,[110 96 6 0 0 0 0 0 0 0 2 4 11 16 11 16 11 16 10 17 10 18 9 18 8 18 7 18 7 18 7 18 6 18 5 18 5 18 5 18 5 18 4 18 4 17 4 16 4 16 3 16 3 16 3 15 3 14 3 14 4 14 4 14 2 7 4 14 4 13 4 13 4 12 4 11 5 11 5 11 5 10 5 10 6 10 7 10 7 8 7 8 7 8 7 8 8 8 8 8 8 7 8 6 8 6 8 6 8 6 8 5 9 5 9 5 10 5 2 1 0 0 0 0 0 0 0 0 ]
CSI_DATA,STA,00:70:07:26:35:95,-66,11,1,2,1,1,1,1,0,0,0,-97,1,6,1,9137788,0,110,0,0,9.5187,384,[110 96 6 0 0 0 0 0 0 0 0 0 -21 -8 -21 -8 -21 -9 -20 -10 -19 -10 -19 -10 -19 -11 -18 -11 -18 -12 -16 -11 -17 -12 -16 -12 -16 -12 -15 -12 -15 -12 -15 -12 -14 -11 -14 -11 -14 -11 -13 -10 -13 -10 -13 -10 -12 -8 -12 -9 -12 -9 -12 -8 0 0 -12 -8 -11 -7 -11 -6 -11 -6 -11 -5 -11 -5 -11 -4 -11 -4 -10 -3 -10 -2 -11 -3 -10 -2 -10 -2 -10 -1 -10 0 -11 0 -10 0 -10 1 -10 2 -10 2 -9 2 -9 2 -9 3 -9 4 -8 3 -8 4 0 0 0 0 0 0 0 0 0 0 ]
CSI_DATA,STA,00:70:07:26:35:95,-66,11,1,2,1,1,1,1,0,0,0,-97,1,6,1,9222577,0,110,0,0,9.60349,384,[110 96 6 0 0 0 0 0 0 0 0 0 -5 20 -6 20 -7 20 -7 20 -8 18 -9 20 -9 19 -9 18 -10 18 -9 17 -10 17 -10 17 -10 16 -10 15 -10 14 -11 15 -10 14 -9 13 -10 13 -10 13 -9 13 -9 12 -8 11 -8 12 -8 12 -7 12 0 0 -7 11 -6 11 -6 11 -5 10 -5 10 -4 10 -4 10 -4 10 -3 9 -3 9 -2 10 -2 9 -1 10 0 10 0 9 0 10 0 9 1 9 1 9 2 9 2 8 2 8 3 8 4 8 3 7 4 7 0 0 0 0 0 0 0 0 0 0 ]
CSI_DATA,STA,00:70:07:26:35:95,-66,11,1,2,1,1,1,1,0,0,0,-97,1,6,1,9310388,0,110,0,0,9.69109,384,[110 96 6 0 0 0 0 0 0 0 0 0 21 11 20 12 19 13 19 13 19 14 18 14 17 15 17 15 15 15 16 15 16 16 15 15 15 15 14 15 13 14 13 15 13 14 11 14 12 13 12 13 11 13 11 12 11 12 11 12 11 11 11 11 0 0 10 10 11 10 11 9 10 8 10 7 10 7 10 6 10 6 10 6 10 6 11 4 10 3 10 2 10 2 10 3 10 2 10 1 10 0 10 0 10 -1 10 -1 9 -1 9 -2 9 -3 10 -3 10 -3 0 0 0 0 0 0 0 0 0 0 ]
CSI_DATA,STA,00:70:07:26:35:95,-66,11,1,2,1,1,1,1,0,0,0,-97,1,6,1,9401102,0,110,0,0,9.78193,384,[110 96 6 0 0 0 0 0 0 0 0 0 22 2 20 2 21 4 20 4 20 5 20 5 19 5 19 5 19 6 18 6 19 6 18 7 18 7 17 7 16 7 17 8 16 6 15 7 14 6 14 6 13 6 13 6 13 6 13 5 13 5 12 4 0 0 11 4 12 4 12 3 12 2 10 2 11 2 10 2 10 0 10 1 10 1 10 0 9 -1 10 -1 10 -1 10 -1 9 -2 9 -3 8 -3 9 -4 8 -4 8 -4 8 -4 7 -5 7 -5 6 -5 7 -6 0 0 0 0 0 0 0 0 0 0 ]
CSI_DATA,STA,00:70:07:26:35:95,-66,11,1,2,1,1,1,1,0,0,0,-97,1,6,1,9493630,0,110,0,0,9.87447,384,[110 96 6 0 0 0 0 0 0 0 0 0 21 -1 22 0 21 1 21 1 20 2 21 3 21 3 20 4 20 4 18 3 20 4 19 4 19 4 18 5 17 5 17 5 17 5 15 4 15 5 16 5 14 5 15 4 14 4 14 4 14 3 13 2 0 0 12 3 12 2 12 2 11 1 11 1 11 0 11 0 10 -1 10 -1 9 -3 10 -3 9 -2 9 -2 10 -3 8 -3 9 -4 8 -5 8 -5 8 -5 7 -6 7 -6 7 -6 6 -6 6 -7 6 -7 5 -8 0 0 0 0 0 0 0 0 0 0 ]
CSI_DATA,STA,00:70:07:26:35:95,-66,11,1,2,1,1,1,1,0,0,0,-97,1,6,1,9584828,0,110,0,0,9.96573,384,[110 96 6 0 0 0 0 0 0 0 0 0 17 12 17 12 16 13 16 14 15 14 15 15 14 14 14 14 13 15 13 14 13 15 13 15 12 14 11 14 11 14 11 15 11 13 9 13 10 13 10 13 10 12 9 12 8 10 9 11 8 10 9 10 0 0 9 9 8 8 9 8 8 8 9 7 9 7 8 6 8 5 9 5 9 3 9 4 8 3 8 3 9 3 9 2 9 1 9 1 9 1 9 0 8 0 8 0 9 -1 9 -1 8 -2 8 -3 8 -3 0 0 0 0 0 0 0 0 0 0 ]
CSI_DATA,STA,00:70:07:26:35:95,-66,11,1,2,1,1,1,1,0,0,0,-97,1,6,1,9676298,0,110,0,0,10.0572,384,[110 96 6 0 0 0 0 0 0 0 0 0 -7 22 -8 22 -8 22 -10 23 -10 20 -11 22 -11 21 -12 20 -12 19 -12 18 -12 19 -12 19 -12 18 -12 18 -12 17 -12 16 -12 17 -10 14 -11 16 -11 15 -10 14 -10 13 -9 13 -10 13 -9 13 -9 14 0 0 -7 12 -7 12 -7 12 -6 11 -6 12 -5 12 -4 11 -3 11 -3 11 -1 11 -2 11 -1 10 -1 10 0 10 0 10 1 11 1 9 2 10 2 10 3 8 3 9 4 9 4 8 4 8 5 7 6 7 0 0 0 0 0 0 0 0 0 0 ]
CSI_DATA,STA,00:70:07:26:35:95,-65,11,1,0,1,1,1,1,0,0,0,-97,1,6,1,9763198,0,110,0,0,10.1441,384,[110 96 6 0 0 0 0 0 0 0 0 0 -19 13 -19 12 -20 12 -21 12 -20 10 -21 10 -21 10 -20 9 -20 8 -20 7 -20 8 -21 7 -20 7 -20 6 -19 5 -19 5 -18 5 -16 4 -17 5 -16 5 -16 5 -15 4 -14 4 -15 5 -15 5 -14 5 0 0 -13 6 -13 6 -12 6 -11 6 -11 6 -11 6 -10 7 -10 7 -8 6 -8 6 -8 8 -7 8 -7 8 -7 8 -6 8 -6 9 -5 8 -4 9 -4 9 -3 9 -3 9 -3 9 -2 8 -1 9 -2 9 -1 9 0 0 0 0 0 0 0 0 0 0 ]
CSI_DATA,STA,00:70:07:26:35:95,-66,11,1,2,1,1,1,1,0,0,0,-97,1,6,1,9855140,0,110,0,0,10.2361,384,[110 96 6 0 0 0 0 0 0 0 0 0 -8 -21 -7 -22 -6 -22 -6 -22 -5 -21 -4 -22 -3 -22 -3 -21 -2 -22 -2 -20 -1 -21 -1 -21 -1 -20 -1 -19 -1 -19 0 -19 0 -19 -1 -17 -1 -18 0 -17 -1 -16 -1 -16 -1 -15 -1 -16 -1 -15 -1 -15 0 0 -1 -14 -2 -13 -2 -13 -3 -12 -3 -12 -4 -12 -3 -11 -4 -11 -4 -11 -4 -10 -5 -10 -5 -8 -5 -9 -6 -8 -6 -8 -7 -8 -6 -8 -7 -7 -7 -6 -8 -7 -8 -6 -8 -6 -9 -5 -8 -5 -9 -5 -9 -4 0 0 0 0 0 0 0 0 0 0 ]
CSI_DATA,STA,00:70:07:26:35:95,-68,11,1,3,1,1,1,1,0,0,0,-97,1,6,1,9935319,0,110,0,0,10.316,384,[110 96 6 0 0 0 0 0 0 0 0 0 -21 13 -20 12 -20 12 -22 11 -22 10 -22 10 -22 9 -21 9 -21 8 -21 7 -21 7 -21 6 -21 6 -20 6 -19 6 -19 5 -20 6 -17 5 -18 5 -17 5 -17 5 -16 5 -16 5 -15 5 -15 5 -15 5 0 0 -14 6 -13 5 -13 6 -12 6 -12 6 -11 6 -10 6 -11 7 -9 6 -9 6 -9 7 -7 8 -8 8 -7 9 -7 8 -6 9 -5 8 -5 9 -4 9 -4 9 -4 9 -3 9 -3 9 -2 9 -1 9 0 9 0 0 0 0 0 0 0 0 0 0 ]
CSI_DATA,STA,00:70:07:26:35:95,-67,11,1,3,1,1,1,1,0,0,0,-97,1,6,1,10019044,0,110,0,0,10.3999,384,[110 96 6 0 0 0 0 0 0 0 0 0 -23 -6 -23 -6 -23 -7 -22 -7 -22 -9 -22 -9 -22 -9 -21 -10 -20 -10 -20 -10 -20 -11 -20 -11 -19 -11 -17 -10 -18 -9 -17 -11 -17 -10 -16 -9 -16 -10 -15 -9 -15 -9 -15 -9 -14 -7 -14 -8 -14 -8 -15 -7 0 0 -14 -6 -13 -6 -13 -5 -13 -4 -12 -4 -12 -4 -12 -3 -12 -3 -11 -1 -11 0 -12 -2 -11 -1 -11 -1 -10 1 -10 0 -10 1 -10 2 -10 3 -10 2 -10 3 -9 4 -8 4 -8 4 -8 4 -8 5 -7 5 0 0 0 0 0 0 0 0 0 0 ]
CSI_DATA,STA,00:70:07:26:35:95,-66,11,1,3,1,1,1,1,0,0,0,-97,1,6,1,10110630,0,110,0,0,10.4914,384,[110 96 6 0 0 0 0 0 0 0 0 0 12 -21 13 -21 13 -20 15 -20 14 -19 15 -19 16 -18 15 -17 16 -18 16 -16 16 -16 16 -15 15 -15 16 -15 14 -14 15 -14 14 -13 13 -13 14 -13 13 -12 12 -12 12 -12 12 -11 11 -12 11 -11 10 -12 0 0 9 -12 8 -12 8 -12 7 -11 7 -11 7 -11 6 -11 5 -11 4 -11 4 -10 4 -11 3 -10 2 -10 2 -11 2 -11 1 -11 1 -11 0 -11 -1 -11 -2 -10 -2 -11 -2 -10 -2 -11 -3 -10 -4 -10 -4 -10 0 0 0 0 0 0 0 0 0 0 ]
CSI_DATA,STA,00:70:07:26:35:95,-63,11,1,0,1,1,1,1,0,0,0,-97,1,6,1,10210010,0,110,0,0,10.5909,384,[110 96 6 0 0 0 0 0 0 0 0 0 17 16 -1 24 21 14 13 21 33 14 16 24 -2 14 12 22 23 13 18 20 9 10 13 12 12 11 8 12 8 13 9 8 9 10 9 12 9 10 9 10 9 8 8 10 9 7 9 8 9 7 9 7 0 0 8 7 10 4 9 4 10 4 9 4 9 4 9 2 8 3 8 1 8 2 9 1 9 0 8 -1 8 -1 8 -1 8 -2 8 -2 7 -3 8 -3 6 -4 7 -4 6 -4 6 -5 5 -6 5 -5 4 -5 0 0 0 0 0 0 0 0 0 0 ]
CSI_DATA,STA,00:70:07:26:35:95,-67,11,1,3,1,1,1,1,0,0,0,-97,1,6,1,10298728,0,110,0,0,10.6796,384,[110 96 6 0 0 0 0 0 0 0 0 0 17 -14 17 -13 18 -12 18 -12 19 -12 18 -11 18 -10 18 -10 19 -10 19 -8 19 -9 19 -8 18 -8 18 -7 17 -7 18 -7 16 -7 16 -7 16 -6 16 -6 15 -6 15 -6 14 -6 14 -7 14 -7 13 -7 0 0 12 -7 11 -7 11 -7 10 -8 10 -7 10 -8 9 -8 9 -9 8 -8 8 -8 7 -9 7 -9 6 -9 6 -9 6 -10 6 -10 5 -10 5 -10 4 -10 3 -10 3 -10 2 -11 2 -10 2 -11 1 -10 1 -11 0 0 0 0 0 0 0 0 0 0 ]
CSI_DATA,STA,00:70:07:26:35:95,-67,11,1,3,1,1,1,1,0,0,0,-97,1,6,1,10379196,0,110,0,0,10.7601,384,[110 96 6 0 0 0 0 0 0 0 0 0 2 18 0 19 0 19 0 19 -1 18 -2 18 -2 18 -2 17 -3 18 -3 17 -3 17 -3 18 -3 17 -4 16 -4 15 -3 15 -3 16 -3 14 -3 14 -3 13 -3 13 -3 13 -2 13 -2 12 -2 12 -2 12 0 0 -1 12 -1 11 0 11 0 11 0 11 1 10 1 10 1 9 1 10 3 10 3 9 2 8 3 8 4 8 4 8 4 8 4 7 5 7 5 7 5 6 5 6 5 6 6 5 6 5 6 5 7 4 0 0 0 0 0 0 0 0 0 0 ]
CSI_DATA,STA,00:70:07:26:35:95,-65,11,1,2,1,1,1,0,0,0,0,-97,0,6,1,10477797,0,110,0,0,10.8587,384,[110 96 6 0 0 0 0 0 0 0 0 0 23 0 25 1 24 2 24 3 24 3 24 4 23 4 22 4 23 4 21 5 23 6 21 6 21 6 20 6 19 6 20 6 19 6 17 5 18 5 18 5 16 5 17 4 15 4 16 4 15 4 15 3 0 0 14 2 13 2 14 1 13 1 12 1 12 0 12 0 11 0 11 -1 11 -1 11 -2 10 -2 10 -3 10 -3 9 -3 9 -4 8 -4 8 -5 8 -5 7 -5 7 -6 6 -5 6 -6 5 -6 5 -6 4 -6 0 0 0 0 0 0 0 0 0 0 ]
CSI_DATA,STA,00:70:07:26:35:95,-63,11,1,2,1,1,1,0,0,0,0,-97,0,6,1,10561603,0,110,0,0,10.9425,384,[110 96 6 0 0 0 0 0 0 0 0 0 -24 -11 -25 -12 -23 -12 -25 -13 -22 -13 -23 -14 -22 -15 -21 -15 -21 -15 -20 -14 -21 -16 -20 -15 -20 -16 -18 -15 -18 -15 -18 -15 -18 -15 -16 -13 -17 -14 -16 -14 -15 -13 -15 -13 -15 -12 -15 -12 -14 -11 -15 -11 0 0 -15 -9 -14 -9 -15 -9 -14 -8 -14 -8 -14 -7 -13 -7 -13 -6 -13 -6 -14 -5 -14 -4 -12 -3 -13 -3 -12 -3 -12 -2 -13 -2 -12 -2 -12 -1 -11 0 -11 0 -11 0 -10 1 -10 1 -10 2 -10 2 -9 3 0 0 0 0 0 0 0 0 0 0 ]
CSI_DATA,STA,00:70:07:26:35:95,-65,11,1,4,1,1,1,0,0,0,0,-97,0,6,1,10648900,0,110,0,0,11.0296,384,[110 96 6 0 0 0 0 0 0 0 0 0 -24 -8 -25 -10 -23 -10 -25 -11 -23 -11 -23 -11 -22 -12 -22 -12 -21 -13 -20 -12 -22 -13 -20 -13 -20 -14 -20 -13 -19 -13 -19 -13 -19 -13 -17 -12 -18 -13 -17 -12 -17 -12 -16 -12 -15 -11 -15 -11 -16 -11 -16 -10 0 0 -15 -9 -15 -8 -15 -8 -14 -8 -15 -7 -15 -7 -14 -6 -14 -6 -14 -5 -14 -3 -15 -4 -13 -3 -14 -3 -13 -2 -13 -3 -14 -1 -14 -2 -14 -1 -13 0 -13 0 -12 0 -13 1 -12 2 -12 2 -12 2 -12 3 0 0 0 0 0 0 0 0 0 0 ]
CSI_DATA,STA,00:70:07:26:35:95,-65,11,1,4,1,1,1,0,0,0,0,-97,0,6,1,10744745,0,110,0,0,11.1256,384,[110 96 6 0 0 0 0 0 0 0 0 0 -12 21 -13 22 -13 20 -14 21 -14 20 -15 20 -15 19 -15 19 -16 18 -16 17 -17 18 -17 17 -17 17 -16 16 -17 16 -16 15 -17 15 -14 14 -16 14 -15 14 -14 14 -14 13 -14 12 -14 13 -13 13 -13 13 0 0 -13 13 -11 13 -11 13 -10 12 -11 13 -10 12 -9 12 -9 12 -7 12 -6 12 -7 13 -7 12 -6 12 -6 12 -5 12 -5 13 -4 12 -4 13 -4 13 -3 12 -3 12 -2 12 -2 12 -1 12 -1 11 -1 11 0 0 0 0 0 0 0 0 0 0 ]
CSI_DATA,STA,00:70:07:26:35:95,-63,11,1,2,1,1,1,0,0,0,0,-97,0,6,1,10841157,0,110,0,0,11.222,384,[110 96 6 0 0 0 0 0 0 0 0 0 22 -4 22 -4 22 -3 23 -2 22 -2 22 -1 22 -1 22 0 22 0 21 1 22 2 22 2 21 2 20 2 20 2 20 2 19 2 18 2 19 3 18 2 17 2 17 2 17 2 17 2 16 2 17 1 0 0 16 0 15 0 15 0 15 -1 14 -1 15 -1 14 -2 14 -3 13 -3 13 -4 13 -4 12 -4 12 -4 12 -5 12 -5 12 -5 11 -6 11 -7 11 -7 10 -7 10 -7 10 -7 9 -8 10 -8 9 -8 9 -8 0 0 0 0 0 0 0 0 0 0 ]
CSI_DATA,STA,00:70:07:26:35:95,-63,11,1,2,1,1,1,0,0,0,0,-97,0,6,1,10930232,0,110,0,0,11.3111,384,[110 96 6 0 0 0 0 0 0 0 0 0 -1 21 -1 20 -2 21 -3 21 -4 21 -4 21 -5 20 -5 20 -5 20 -6 19 -7 20 -7 19 -6 18 -7 17 -7 17 -8 18 -6 17 -6 16 -7 16 -7 16 -6 15 -6 15 -6 15 -6 14 -6 14 -5 15 0 0 -5 13 -5 14 -4 13 -3 14 -3 13 -3 13 -3 13 -2 13 -2 12 -1 12 -1 12 0 11 0 11 0 12 1 12 2 11 2 12 2 11 2 11 3 10 3 10 4 10 4 10 4 10 4 10 5 9 0 0 0 0 0 0 0 0 0 0 ]
CSI_DATA,STA,00:70:07:26:35:95,-68,11,1,2,1,1,1,0,0,0,0,-97,0,6,1,11022389,0,110,0,0,11.4033,384,[110 96 6 0 0 0 0 0 0 0 0 0 46 -20 48 -23 63 -10 62 4 67 -13 56 -17 57 -9 55 -13 69 -8 50 -20 68 -1 65 5 51 13 58 -1 55 -10 64 6 58 2 54 0 43 -8 57 2 32 -11 54 2 41 -1 46 1 45 9 50 9 0 0 53 -6 47 1 44 4 48 -18 37 -1 44 -7 36 -9 28 -15 42 -16 28 -17 34 -22 26 -17 25 -21 31 -19 29 -24 34 -27 33 -23 16 -29 28 -25 14 -42 18 -29 20 -33 12 -32 18 -36 7 -38 4 -34 0 0 0 0 0 0 0 0 0 0 ]
CSI_DATA,STA,00:70:07:26:35:95,-64,11,1,2,1,1,1,0,0,0,0,-97,0,6,1,11110448,0,110,0,0,11.4913,384,[110 96 6 0 0 0 0 0 0 0 0 0 9 -19 10 -19 11 -19 12 -19 11 -18 12 -19 13 -18 12 -17 12 -17 13 -16 14 -16 14 -16 13 -15 13 -14 12 -14 13 -14 13 -14 11 -13 12 -13 12 -13 11 -13 11 -13 10 -12 11 -12 11 -12 10 -12 0 0 9 -12 8 -12 9 -12 7 -12 7 -12 7 -12 6 -12 5 -12 5 -12 4 -13 5 -13 3 -11 3 -11 3 -12 3 -11 2 -12 2 -12 1 -12 1 -12 0 -12 0 -11 -1 -11 0 -11 -1 -11 -2 -11 -2 -11 0 0 0 0 0 0 0 0 0 0 ]
CSI_DATA,STA,00:70:07:26:35:95,-64,11,1,2,1,1,1,0,0,0,0,-97,0,6,1,11196039,0,110,0,0,11.5769,384,[110 96 6 0 0 0 0 0 0 0 0 0 13 -18 14 -17 15 -17 16 -17 16 -16 16 -16 16 -15 17 -15 17 -14 16 -14 17 -13 18 -13 17 -13 17 -12 17 -11 17 -12 17 -12 16 -11 16 -11 16 -10 15 -10 15 -10 14 -10 14 -10 14 -10 14 -10 0 0 13 -10 12 -10 12 -10 11 -11 10 -10 10 -10 10 -10 9 -11 8 -11 8 -11 8 -11 7 -11 7 -12 7 -12 7 -11 6 -12 6 -12 5 -12 5 -13 4 -13 4 -12 3 -12 3 -12 3 -12 2 -12 1 -12 0 0 0 0 0 0 0 0 0 0 ]
CSI_DATA,STA,00:70:07:26:35:95,-65,11,1,2,1,1,1,0,0,0,0,-97,0,6,1,11288230,0,110,0,0,11.6692,384,[110 96 6 0 0 0 0 0 0 0 0 0 -13 16 -13 17 -13 16 -14 16 -14 14 -15 14 -14 14 -15 13 -15 13 -15 12 -17 12 -16 12 -16 11 -15 11 -16 10 -16 10 -16 10 -14 9 -16 9 -14 9 -13 9 -13 8 -12 7 -13 8 -13 8 -12 9 0 0 -12 8 -11 8 -10 8 -11 8 -10 8 -10 9 -9 8 -7 9 -10 10 -10 9 -6 8 -7 7 -6 8 -8 9 -5 8 -6 10 -5 9 -5 10 -5 9 -4 10 -3 10 -4 9 -3 10 -2 9 -2 9 -2 9 0 0 0 0 0 0 0 0 0 0 ]
CSI_DATA,STA,00:70:07:26:35:95,-63,11,1,2,1,1,1,0,0,0,0,-97,0,6,1,11382268,0,110,0,0,11.7631,384,[110 96 6 0 0 0 0 0 0 0 0 0 3 -25 4 -25 5 -24 5 -26 6 -24 7 -25 8 -23 7 -23 8 -23 8 -21 9 -23 9 -22 9 -21 8 -20 9 -20 9 -19 9 -20 8 -18 8 -19 8 -18 7 -17 8 -17 6 -16 7 -16 7 -17 6 -17 0 0 5 -16 4 -16 4 -16 3 -15 3 -15 3 -15 2 -15 1 -14 2 -14 1 -14 0 -15 0 -14 -1 -13 -2 -14 -2 -13 -2 -14 -3 -13 -4 -14 -4 -13 -5 -12 -4 -12 -5 -12 -6 -11 -6 -12 -6 -11 -6 -11 0 0 0 0 0 0 0 0 0 0 ]
CSI_DATA,STA,00:70:07:26:35:95,-64,11,1,4,1,1,1,0,0,0,0,-97,0,6,1,11461358,0,110,0,0,11.842,384,[110 96 6 0 0 0 0 0 0 0 0 0 23 -15 23 -15 24 -14 25 -14 24 -13 25 -11 25 -12 25 -11 25 -11 24 -10 26 -9 25 -8 24 -9 23 -7 23 -7 24 -7 23 -7 21 -7 22 -7 21 -7 21 -7 20 -6 19 -6 21 -7 19 -6 18 -7 0 0 17 -7 17 -7 17 -8 16 -8 16 -8 16 -8 14 -8 13 -9 13 -9 13 -11 13 -10 11 -9 11 -9 11 -10 10 -10 10 -12 9 -11 9 -11 8 -11 8 -11 8 -11 7 -11 6 -11 6 -11 6 -11 4 -11 0 0 0 0 0 0 0 0 0 0 ]
CSI_DATA,STA,00:70:07:26:35:95,-61,11,1,2,1,1,1,0,0,0,0,-97,0,6,1,11554227,0,110,0,0,11.9351,384,[110 96 6 0 0 0 0 0 0 0 0 0 -3 -26 -3 -26 -1 -27 -1 -27 0 -26 1 -26 2 -26 2 -26 3 -26 3 -25 3 -25 4 -26 4 -25 5 -25 5 -24 6 -24 5 -23 5 -22 4 -22 5 -22 4 -21 5 -21 4 -20 4 -20 4 -20 3 -21 0 0 3 -19 3 -19 2 -19 1 -19 1 -18 2 -18 1 -18 0 -18 0 -17 -1 -16 -1 -17 -2 -16 -2 -17 -2 -17 -3 -16 -3 -16 -3 -16 -4 -16 -4 -16 -5 -15 -5 -15 -5 -15 -5 -14 -6 -14 -6 -13 -6 -13 0 0 0 0 0 0 0 0 0 0 ]
CSI_DATA,STA,00:70:07:26:35:95,-63,11,1,2,1,1,1,0,0,0,0,-97,0,6,1,11648181,0,110,0,0,12.029,384,[110 96 6 0 0 0 0 0 0 0 0 0 19 14 18 16 18 16 18 17 16 18 17 17 16 18 16 17 15 18 15 18 14 18 14 19 14 18 13 18 12 17 12 18 12 17 12 16 12 16 11 16 12 15 11 15 11 14 11 14 11 14 11 13 0 0 11 12 11 11 11 11 11 10 11 10 11 9 11 9 11 8 12 7 11 6 12 7 11 6 11 5 11 5 11 4 12 4 12 3 11 3 12 2 11 1 11 1 11 1 11 1 11 0 10 0 10 -1 0 0 0 0 0 0 0 0 0 0 ]
CSI_DATA,STA,00:70:07:26:35:95,-65,11,1,2,1,1,1,0,0,0,0,-97,0,6,1,11737104,0,110,0,0,12.118,384,[110 96 6 0 0 0 0 0 0 0 0 0 -1 23 -1 24 -3 24 -4 24 -4 23 -4 24 -5 23 -5 22 -6 22 -6 21 -6 23 -7 21 -6 21 -7 20 -6 20 -7 20 -8 20 -6 17 -7 18 -6 18 -6 17 -5 17 -6 15 -4 15 -5 16 -4 16 0 0 -4 15 -3 14 -3 15 -2 13 -2 13 -1 13 -1 13 0 13 0 12 1 11 1 12 1 11 2 11 2 11 3 10 3 11 3 10 4 10 4 10 5 8 4 9 4 8 5 7 6 7 6 6 6 6 0 0 0 0 0 0 0 0 0 0 ]
CSI_DATA,STA,00:70:07:26:35:95,-65,11,1,4,1,1,1,0,0,0,0,-97,0,6,1,11831178,0,110,0,0,12.2121,384,[110 96 6 0 0 0 0 0 0 0 0 0 -26 -3 -26 -3 -26 -5 -26 -6 -26 -5 -25 -5 -24 -7 -24 -6 -24 -7 -24 -8 -23 -8 -24 -9 -22 -8 -22 -8 -21 -9 -21 -9 -20 -9 -20 -9 -19 -8 -19 -7 -19 -7 -18 -7 -18 -7 -17 -6 -17 -6 -18 -6 0 0 -17 -5 -16 -4 -15 -4 -16 -3 -15 -3 -15 -3 -15 -2 -14 -1 -14 -1 -14 1 -13 0 -13 1 -13 1 -12 2 -13 2 -13 2 -12 3 -11 3 -11 4 -11 5 -11 4 -10 5 -10 6 -9 6 -9 7 -8 7 0 0 0 0 0 0 0 0 0 0 ]
CSI_DATA,STA,00:70:07:26:35:95,-63,11,1,2,1,1,1,0,0,0,0,-97,0,6,1,11915528,0,110,0,0,12.2964,384,[110 96 6 0 0 0 0 0 0 0 0 0 -19 -17 -19 -19 -19 -19 -18 -20 -17 -20 -17 -21 -15 -21 -15 -21 -14 -21 -13 -21 -14 -22 -13 -21 -13 -21 -12 -21 -12 -20 -12 -21 -11 -20 -11 -18 -10 -19 -11 -19 -10 -18 -10 -17 -10 -17 -11 -17 -10 -16 -10 -16 0 0 -10 -15 -11 -14 -11 -14 -11 -13 -11 -13 -11 -13 -11 -12 -11 -11 -11 -12 -13 -11 -13 -10 -12 -9 -12 -9 -13 -8 -12 -9 -13 -8 -13 -7 -13 -7 -14 -7 -13 -6 -13 -6 -13 -5 -13 -5 -14 -4 -13 -4 -13 -4 0 0 0 0 0 0 0 0 0 0 ]
CSI_DATA,STA,00:70:07:26:35:95,-65,11,1,2,1,1,1,0,0,0,0,-97,0,6,1,12015959,0,110,0,0,12.3969,384,[110 96 6 0 0 0 0 0 0 0 0 0 -8 -24 -7 -25 -6 -25 -5 -26 -4 -25 -4 -26 -3 -25 -2 -25 -2 -24 -2 -24 -1 -25 -1 -25 -1 -23 -1 -22 0 -22 0 -22 0 -22 0 -20 0 -20 1 -20 0 -19 0 -19 0 -18 -1 -17 -1 -18 -1 -17 0 0 -1 -16 -2 -16 -3 -16 -4 -15 -4 -15 -3 -15 -4 -14 -5 -14 -5 -13 -5 -14 -7 -13 -7 -12 -7 -12 -7 -11 -7 -11 -8 -11 -8 -11 -9 -10 -9 -10 -9 -9 -9 -10 -10 -8 -10 -8 -11 -8 -10 -7 -10 -7 0 0 0 0 0 0 0 0 0 0 ]
CSI_DATA,STA,00:70:07:26:35:95,-64,11,1,2,1,1,1,0,0,0,0,-97,0,6,1,12120462,0,110,0,0,12.5014,384,[110 96 6 0 0 0 0 0 0 0 0 0 14 16 14 18 13 18 13 20 12 18 12 20 11 20 10 19 9 19 9 19 9 19 9 20 8 19 8 18 7 18 7 19 7 19 6 16 7 17 6 16 6 16 6 15 6 14 6 15 7 14 7 14 0 0 7 13 7 12 8 13 8 12 8 11 8 11 8 10 8 9 8 9 8 7 9 8 9 8 9 7 10 7 10 7 11 6 10 5 11 5 11 5 11 4 11 4 11 4 11 3 11 2 11 1 11 1 0 0 0 0 0 0 0 0 0 0 ]
CSI_DATA,STA,00:70:07:26:35:95,-65,11,1,2,1,1,1,0,0,0,0,-97,0,6,1,12204288,0,110,0,0,12.5852,384,[110 96 6 0 0 0 0 0 0 0 0 0 -17 -17 -17 -18 -16 -18 -16 -19 -14 -19 -15 -20 -14 -20 -14 -19 -13 -20 -12 -20 -12 -21 -12 -20 -11 -20 -10 -20 -11 -19 -10 -20 -10 -20 -9 -18 -9 -18 -9 -18 -9 -17 -9 -17 -8 -15 -9 -15 -8 -16 -10 -16 0 0 -9 -14 -9 -13 -10 -13 -9 -12 -10 -12 -10 -11 -9 -11 -10 -10 -10 -10 -10 -10 -11 -9 -11 -9 -11 -8 -12 -7 -11 -8 -12 -7 -11 -6 -12 -6 -12 -5 -12 -4 -13 -4 -12 -3 -12 -3 -13 -3 -12 -2 -12 -2 0 0 0 0 0 0 0 0 0 0 ]
CSI_DATA,STA,00:70:07:26:35:95,-64,11,1,2,1,1,1,0,0,0,0,-97,0,6,1,12284366,0,110,0,0,12.6651,384,[110 96 6 0 0 0 0 0 0 0 0 0 -15 -16 -15 -17 -14 -18 -14 -18 -13 -19 -13 -19 -11 -19 -11 -19 -9 -18 -10 -19 -10 -19 -9 -19 -9 -19 -8 -18 -7 -17 -7 -19 -8 -17 -7 -16 -7 -16 -6 -16 -6 -16 -6 -15 -6 -14 -10 -20 -7 -15 -7 -14 0 0 -6 -13 -7 -13 -7 -12 -7 -11 -7 -11 -8 -11 -5 -11 -10 -8 -5 -14 -6 -17 -10 -9 -9 -8 -9 -9 -10 -7 -9 -8 -10 -7 -10 -7 -10 -6 -12 -6 -10 -6 -10 -5 -11 -6 -11 -4 -12 -4 -11 -4 -11 -4 0 0 0 0 0 0 0 0 0 0 ]
CSI_DATA,STA,00:70:07:26:35:95,-64,11,1,2,1,1,1,0,0,0,0,-97,0,6,1,12365097,0,110,0,0,12.7459,384,[110 96 6 0 0 0 0 0 0 0 0 0 10 20 9 21 8 21 8 22 7 22 6 22 6 22 5 22 4 21 4 22 3 22 3 22 3 21 2 21 2 20 1 21 1 20 1 19 1 19 1 19 1 18 1 18 2 17 2 17 1 17 2 16 0 0 2 16 2 16 2 15 3 14 3 14 3 14 4 13 4 13 4 12 5 11 6 12 6 12 6 11 6 11 6 11 7 11 7 10 8 10 8 9 8 8 8 8 8 8 9 8 9 7 9 7 9 6 0 0 0 0 0 0 0 0 0 0 ]
CSI_DATA,STA,00:70:07:26:35:95,-69,11,1,2,1,1,1,0,0,0,0,-97,0,6,1,12454697,0,110,0,0,12.8356,384,[110 96 6 0 0 0 0 0 0 0 0 0 -61 -13 -68 -11 -63 -20 -65 -16 -53 -17 -56 -12 -62 -13 -52 -11 -53 -19 -50 -20 -58 -27 -57 -34 -54 -18 -53 -24 -47 -20 -52 -33 -40 -21 -31 -20 -50 -15 -40 -27 -44 -12 -28 -26 -28 -16 -41 -22 -43 -29 -39 -21 0 0 -36 -19 -37 -13 -39 -13 -32 -11 -27 -10 -35 -14 -31 -13 -26 -10 -28 -3 -29 -5 -33 -3 -25 4 -24 0 -28 6 -26 0 -26 6 -25 4 -26 13 -21 11 -18 16 -17 15 -20 17 -16 13 -13 20 -15 21 -12 22 0 0 0 0 0 0 0 0 0 0 ]
CSI_DATA,STA,00:70:07:26:35:95,-64,11,1,2,1,1,1,0,0,0,0,-97,0,6,1,12551779,0,110,0,0,12.9327,384,[110 96 6 0 0 0 0 0 0 0 0 0 19 -14 19 -13 19 -12 21 -12 20 -11 21 -10 20 -10 20 -10 20 -9 20 -8 21 -8 20 -8 20 -7 19 -7 19 -6 19 -6 19 -6 17 -6 18 -6 17 -6 16 -6 16 -6 15 -6 15 -6 15 -6 15 -6 0 0 13 -6 13 -6 12 -7 11 -7 11 -7 11 -8 10 -8 10 -8 9 -9 7 -9 8 -9 7 -8 7 -9 6 -10 6 -10 6 -10 6 -10 5 -11 4 -10 3 -11 3 -11 3 -11 2 -11 2 -11 1 -11 1 -11 0 0 0 0 0 0 0 0 0 0 ]
CSI_DATA,STA,00:70:07:26:35:95,-65,11,1,2,1,1,1,0,0,0,0,-97,0,6,1,12636465,0,110,0,0,13.0174,384,[110 96 6 0 0 0 0 0 0 0 0 0 22 0 24 1 23 1 24 2 23 2 24 3 23 4 22 5 22 5 21 5 22 5 22 6 21 6 20 5 20 6 19 6 19 6 17 6 18 6 17 5 17 6 16 6 16 5 16 4 16 5 16 4 0 0 14 3 14 3 14 2 13 1 13 2 13 1 13 0 12 0 13 -1 13 -2 12 -2 11 -2 11 -2 11 -3 10 -3 11 -4 10 -4 10 -5 9 -5 9 -6 9 -5 8 -6 7 -6 7 -7 7 -7 6 -7 0 0 0 0 0 0 0 0 0 0 ]
CSI_DATA,STA,00:70:07:26:35:95,-61,11,0,0,0,0,0,0,0,0,0,-97,0,6,1,12731913,0,110,0,0,13.1129,128,[110 96 6 0 0 0 0 0 0 0 0 0 32 2 32 4 33 5 34 6 32 7 31 7 31 10 30 9 30 10 29 9 30 10 29 10 28 10 28 9 26 10 27 11 26 11 23 9 23 10 23 9 22 9 22 8 20 7 21 7 21 6 21 7 0 0 20 5 19 4 19 4 18 3 17 2 17 2 16 1 15 0 15 -1 14 -1 15 -1 14 -2 14 -3 13 -3 13 -3 13 -5 12 -6 12 -6 11 -6 11 -7 11 -7 9 -8 9 -8 8 -9 7 -10 7 -9 0 0 0 0 0 0 0 0 0 0 ]
CSI_DATA,STA,00:70:07:26:35:95,-67,11,1,2,1,1,1,0,0,0,0,-97,0,6,1,12822722,0,110,0,0,13.2036,384,[110 96 6 0 0 0 0 0 0 0 0 0 11 16 11 17 9 17 9 18 8 17 8 18 7 18 6 18 6 18 5 17 5 18 5 18 4 17 4 17 4 16 3 16 3 16 3 14 3 15 3 14 3 13 2 13 3 12 3 12 3 13 3 12 0 0 3 11 3 10 4 10 4 9 4 9 4 8 4 8 5 7 5 7 6 5 5 6 5 5 7 5 6 4 6 4 7 4 7 3 8 2 7 2 8 2 8 2 7 1 8 0 9 0 8 -1 9 -1 0 0 0 0 0 0 0 0 0 0 ]
CSI_DATA,STA,00:70:07:26:35:95,-65,11,1,2,1,1,1,0,0,0,0,-97,0,6,1,12913338,0,110,0,0,13.2942,384,[110 96 6 0 0 0 0 0 0 0 0 0 6 -19 7 -20 7 -19 9 -19 9 -18 10 -19 10 -18 9 -17 10 -16 10 -16 10 -17 10 -16 11 -16 10 -15 10 -14 11 -14 10 -14 9 -13 9 -13 9 -12 8 -12 8 -12 7 -11 7 -11 7 -11 7 -12 0 0 6 -11 5 -10 5 -11 4 -10 4 -10 3 -10 3 -10 2 -9 2 -10 1 -10 0 -10 0 -9 0 -9 -1 -9 -1 -9 -2 -9 -2 -9 -3 -9 -4 -8 -4 -9 -4 -8 -5 -8 -5 -7 -5 -7 -6 -7 -7 -7 0 0 0 0 0 0 0 0 0 0 ]
CSI_DATA,STA,00:70:07:26:35:95,-65,11,1,2,1,1,1,0,0,0,0,-97,0,6,1,12998086,0,110,0,0,13.3787,384,[110 96 6 0 0 0 0 0 0 0 0 0 19 7 19 8 19 8 19 9 19 10 18 10 18 10 18 11 17 11 15 11 17 11 16 11 15 12 14 11 14 11 14 12 14 11 13 10 12 10 12 10 11 9 11 9 11 9 11 8 11 8 11 7 0 0 10 6 10 7 10 5 9 5 9 5 10 4 9 4 8 3 8 3 9 3 9 2 8 1 8 1 8 0 7 0 8 0 7 -1 7 -2 7 -2 7 -3 7 -2 7 -3 6 -4 6 -4 5 -5 5 -6 0 0 0 0 0 0 0 0 0 0 ]
CSI_DATA,STA,00:70:07:26:35:95,-65,11,1,2,1,1,1,0,0,0,0,-97,0,6,1,13090675,0,110,0,0,13.4716,384,[110 96 6 0 0 0 0 0 0 0 0 0 20 -6 20 -5 20 -4 20 -4 20 -3 20 -2 20 -2 20 -2 20 -1 18 0 19 1 19 0 18 1 17 1 17 1 18 2 17 2 15 1 15 1 16 1 15 1 15 1 14 1 14 1 13 0 13 0 0 0 12 0 12 0 12 -1 10 -2 11 -2 11 -2 10 -3 10 -3 10 -3 8 -5 8 -4 8 -4 8 -5 8 -6 7 -5 7 -6 7 -6 7 -7 6 -7 5 -8 6 -8 5 -8 5 -9 4 -9 4 -9 3 -10 0 0 0 0 0 0 0 0 0 0 ]
CSI_DATA,STA,00:70:07:26:35:95,-65,11,1,2,1,1,1,0,0,0,0,-97,0,6,1,13177290,0,110,0,0,13.5582,384,[110 96 6 0 0 0 0 0 0 0 0 0 -3 -22 -2 -23 -1 -21 0 -23 1 -22 1 -22 1 -22 2 -21 2 -21 3 -21 3 -22 3 -22 4 -20 4 -20 3 -19 4 -19 4 -19 4 -17 4 -18 4 -17 3 -17 3 -16 2 -16 3 -15 2 -15 2 -16 0 0 1 -15 1 -14 1 -15 0 -14 0 -14 -1 -13 -1 -13 -2 -12 -2 -11 -3 -11 -3 -12 -3 -10 -3 -11 -4 -11 -4 -10 -5 -11 -5 -9 -6 -10 -6 -9 -7 -8 -7 -8 -6 -8 -7 -7 -8 -7 -8 -7 -8 -6 0 0 0 0 0 0 0 0 0 0 ]
CSI_DATA,STA,00:70:07:26:35:95,-66,11,1,2,1,1,1,0,0,0,0,-97,0,6,1,13262631,0,110,0,0,13.6435,384,[110 96 6 0 0 0 0 0 0 0 0 0 -17 -15 -16 -16 -15 -16 -16 -17 -15 -17 -15 -18 -14 -17 -13 -17 -13 -18 -12 -17 -12 -18 -11 -18 -11 -18 -10 -17 -9 -17 -10 -17 -9 -17 -9 -16 -9 -16 -8 -16 -8 -15 -8 -14 -8 -13 -8 -13 -8 -13 -9 -13 0 0 -8 -12 -8 -11 -8 -11 -8 -10 -8 -9 -8 -9 -9 -8 -9 -7 -9 -7 -10 -8 -10 -6 -9 -5 -9 -5 -9 -4 -9 -5 -10 -3 -9 -3 -10 -3 -10 -2 -9 -2 -10 -2 -9 0 -9 0 -9 1 -9 1 -9 2 0 0 0 0 0 0 0 0 0 0 ]
CSI_DATA,STA,00:70:07:26:35:95,-65,11,1,2,1,1,1,0,0,0,0,-97,0,6,1,13357357,0,110,0,0,13.7382,384,[110 96 6 0 0 0 0 0 0 0 0 0 -23 8 -24 8 -25 7 -25 6 -24 5 -25 6 -25 4 -25 4 -24 3 -23 2 -25 2 -24 2 -24 1 -23 1 -22 0 -22 0 -22 0 -20 0 -21 1 -20 0 -20 0 -19 0 -18 0 -19 1 -18 0 -18 1 0 0 -17 2 -16 2 -16 2 -14 3 -15 2 -15 3 -14 3 -13 4 -13 4 -13 6 -12 5 -11 5 -11 6 -11 6 -10 6 -10 6 -9 6 -9 7 -9 7 -8 7 -7 7 -7 8 -7 7 -5 9 -6 9 -5 10 0 0 0 0 0 0 0 0 0 0 ]
CSI_DATA,STA,00:70:07:26:35:95,-65,11,1,2,1,1,1,0,0,0,0,-97,0,6,1,13443739,0,110,0,0,13.8246,384,[110 96 6 0 0 0 0 0 0 0 0 0 -16 -18 -16 -18 -15 -19 -15 -20 -14 -19 -13 -20 -13 -21 -12 -20 -11 -20 -11 -20 -11 -20 -11 -21 -10 -20 -9 -19 -9 -19 -8 -19 -9 -18 -8 -17 -8 -17 -8 -17 -8 -16 -7 -16 -7 -15 -7 -16 -6 -15 -8 -15 0 0 -8 -14 -8 -13 -8 -12 -8 -12 -8 -11 -8 -11 -8 -10 -8 -10 -8 -9 -8 -9 -9 -8 -9 -7 -9 -7 -9 -7 -9 -6 -10 -5 -10 -6 -10 -5 -10 -4 -10 -3 -10 -3 -10 -3 -10 -2 -10 -1 -10 -1 -10 0 0 0 0 0 0 0 0 0 0 0 ]
CSI_DATA,STA,00:70:07:26:35:95,-65,11,1,2,1,1,1,0,0,0,0,-97,0,6,1,13534935,0,110,0,0,13.9158,384,[110 96 6 0 0 0 0 0 0 0 0 0 3 24 2 24 1 24 0 24 -1 24 -1 23 -2 24 -2 23 -3 23 -3 22 -4 23 -4 23 -5 22 -5 20 -5 20 -5 21 -5 20 -5 18 -5 18 -4 18 -5 18 -5 17 -3 16 -4 16 -4 16 -3 16 0 0 -2 15 -2 15 -2 14 -1 13 -1 13 0 13 0 12 0 12 1 12 2 13 2 12 2 10 3 10 3 9 3 10 4 10 4 9 5 8 5 9 6 8 6 7 6 7 6 7 6 7 7 6 7 6 0 0 0 0 0 0 0 0 0 0 ]
CSI_DATA,STA,00:70:07:26:35:95,-61,11,0,0,0,0,0,0,0,0,0,-97,0,6,1,13639997,0,110,0,0,14.021,128,[110 96 6 0 0 0 0 0 0 0 0 0 31 -4 31 -1 31 -1 33 0 31 1 31 2 30 4 29 4 29 5 28 5 30 4 29 5 28 5 27 5 26 5 26 6 25 6 23 5 23 5 23 5 21 5 22 5 19 4 21 3 20 3 20 3 0 0 19 1 18 1 19 1 17 -1 17 -1 17 -2 15 -1 15 -3 15 -3 15 -3 14 -5 13 -5 13 -6 13 -6 12 -6 12 -7 11 -8 11 -8 11 -8 10 -9 10 -10 9 -10 8 -10 8 -11 6 -11 6 -11 0 0 0 0 0 0 0 0 0 0 ]
CSI_DATA,STA,00:70:07:26:35:95,-65,11,1,2,1,1,1,0,0,0,0,-97,0,6,1,13735942,0,110,0,0,14.1168,384,[110 96 6 0 0 0 0 0 0 0 0 0 -16 -18 -16 -19 -14 -19 -14 -21 -14 -20 -13 -20 -13 -21 -12 -21 -11 -21 -11 -20 -11 -21 -10 -20 -10 -20 -9 -20 -9 -19 -9 -20 -8 -20 -8 -18 -8 -18 -7 -18 -8 -17 -7 -17 -7 -15 -8 -15 -7 -15 -8 -15 0 0 -8 -14 -8 -13 -8 -12 -8 -11 -8 -11 -8 -11 -8 -10 -9 -10 -9 -9 -9 -9 -10 -8 -10 -7 -10 -7 -10 -6 -9 -6 -11 -6 -10 -6 -10 -5 -11 -4 -11 -3 -10 -2 -10 -3 -11 -1 -11 -1 -10 -1 -11 -1 0 0 0 0 0 0 0 0 0 0 ]
CSI_DATA,STA,00:70:07:26:35:95,-67,11,1,4,1,1,1,0,0,0,0,-97,0,6,1,13814338,0,110,0,0,14.195,384,[110 96 6 0 0 0 0 0 0 0 0 0 -21 -6 -21 -7 -20 -8 -20 -8 -20 -8 -20 -9 -19 -11 -18 -10 -18 -10 -17 -10 -18 -11 -18 -11 -17 -11 -17 -10 -16 -10 -16 -10 -16 -10 -13 -10 -15 -9 -15 -8 -12 -10 -13 -8 -11 -9 -11 -8 -14 -7 -13 -8 0 0 -12 -5 -12 -5 -12 -5 -11 -4 -12 -4 -12 -3 -11 -3 -11 -2 -11 -1 -12 0 -11 0 -10 1 -10 0 -9 1 -9 1 -9 2 -9 2 -9 2 -9 4 -8 4 -8 4 -8 5 -8 5 -7 6 -7 6 -6 6 0 0 0 0 0 0 0 0 0 0 ]
CSI_DATA,STA,00:70:07:26:35:95,-67,11,1,4,1,1,1,0,0,0,0,-97,0,6,1,13914638,0,110,0,0,14.2954,384,[110 96 6 0 0 0 0 0 0 0 0 0 19 9 18 10 18 11 18 12 17 12 17 12 17 13 16 12 15 13 15 13 15 14 14 13 14 13 12 13 13 13 13 13 12 12 11 11 11 12 12 11 11 11 11 10 10 10 10 9 10 9 10 9 0 0 10 7 11 6 10 7 10 6 9 5 10 5 10 4 9 3 10 3 10 2 9 2 9 2 9 1 10 1 9 0 9 0 9 -1 10 -2 9 -1 10 -3 9 -3 9 -3 8 -4 8 -4 8 -5 8 -5 0 0 0 0 0 0 0 0 0 0 ]
CSI_DATA,STA,00:70:07:26:35:95,-65,11,1,2,1,1,1,0,0,0,0,-97,0,6,1,13996384,0,110,0,0,14.3773,384,[110 96 6 0 0 0 0 0 0 0 0 0 19 -9 19 -8 19 -8 20 -7 19 -6 20 -6 19 -5 19 -4 19 -4 18 -3 19 -3 19 -2 18 -2 18 -2 17 -1 17 -2 17 -1 15 -1 16 -1 15 -1 14 -1 14 -1 13 -2 13 -2 13 -2 13 -2 0 0 12 -3 12 -3 11 -3 10 -3 10 -3 10 -4 10 -4 9 -5 9 -5 8 -6 8 -6 7 -6 7 -6 7 -6 7 -7 7 -8 7 -7 6 -8 5 -8 5 -8 4 -9 4 -8 4 -9 3 -10 3 -9 2 -9 0 0 0 0 0 0 0 0 0 0 ]
CSI_DATA,STA,00:70:07:26:35:95,-66,11,1,2,1,1,1,0,0,0,0,-97,0,6,1,14079997,0,110,0,0,14.4609,384,[110 96 6 0 0 0 0 0 0 0 0 0 21 6 21 7 20 8 21 9 19 9 20 11 19 10 18 11 18 11 17 11 17 12 17 12 16 12 15 11 15 11 14 11 14 11 13 10 14 11 13 11 13 9 12 9 12 8 12 9 12 8 12 8 0 0 11 7 11 7 11 6 11 5 11 5 11 5 11 4 11 3 11 3 12 2 12 2 11 1 11 1 11 1 10 0 12 0 10 -1 11 -1 10 -2 10 -3 10 -3 10 -3 10 -4 10 -4 10 -4 10 -6 0 0 0 0 0 0 0 0 0 0 ]
CSI_DATA,STA,00:70:07:26:35:95,-65,11,1,2,1,1,1,0,0,0,0,-97,0,6,1,14165819,0,110,0,0,14.5467,384,[110 96 6 0 0 0 0 0 0 0 0 0 22 -6 23 -5 23 -4 23 -3 22 -2 22 -1 22 -1 22 -1 22 1 21 0 22 1 22 1 20 1 20 1 19 1 20 3 19 2 18 2 17 2 18 2 17 1 16 1 16 1 16 1 16 1 16 -1 0 0 15 -1 14 -1 14 -1 13 -2 13 -2 13 -3 13 -3 12 -3 12 -4 10 -5 12 -5 10 -5 10 -5 10 -6 10 -6 11 -7 10 -7 9 -8 9 -8 8 -8 8 -9 7 -9 7 -9 6 -10 6 -9 6 -10 0 0 0 0 0 0 0 0 0 0 ]
CSI_DATA,STA,00:70:07:26:35:95,-65,11,1,2,1,1,1,0,0,0,0,-97,0,6,1,14257933,0,110,0,0,14.6388,384,[110 96 6 0 0 0 0 0 0 0 0 0 22 2 22 2 21 3 22 4 20 5 21 5 21 6 20 6 20 6 18 6 19 7 19 8 19 8 18 8 17 7 17 8 18 8 15 7 16 7 15 6 15 6 14 6 14 6 14 6 14 6 14 5 0 0 14 4 12 4 13 3 12 3 12 2 12 1 12 1 11 0 12 0 11 -1 11 -1 10 -1 10 -2 10 -2 10 -3 11 -3 10 -3 10 -4 9 -5 9 -5 9 -5 8 -5 8 -6 8 -6 8 -6 7 -8 0 0 0 0 0 0 0 0 0 0 ]
CSI_DATA,STA,00:70:07:26:35:95,-65,11,1,2,1,1,1,0,0,0,0,-97,0,6,1,14347293,0,110,0,0,14.7282,384,[110 96 6 0 0 0 0 0 0 0 0 0 -22 -5 -22 -6 -21 -6 -22 -7 -20 -8 -21 -8 -19 -8 -19 -8 -19 -9 -18 -9 -19 -10 -18 -10 -18 -10 -17 -10 -16 -10 -16 -11 -16 -10 -14 -9 -15 -9 -15 -9 -14 -9 -13 -9 -13 -8 -14 -8 -13 -7 -14 -7 0 0 -13 -6 -12 -6 -12 -6 -12 -4 -12 -5 -12 -4 -12 -4 -11 -3 -11 -3 -11 -2 -12 -2 -11 -1 -11 -1 -11 0 -11 0 -11 0 -10 1 -10 1 -10 1 -10 3 -9 2 -9 3 -8 4 -9 4 -9 4 -9 5 0 0 0 0 0 0 0 0 0 0 ]
CSI_DATA,STA,00:70:07:26:35:95,-66,11,1,4,1,1,1,0,0,0,0,-97,0,6,1,14436953,0,110,0,0,14.8176,384,[110 96 6 0 0 0 0 0 0 0 0 0 15 -13 16 -13 16 -12 17 -12 17 -11 18 -11 18 -10 17 -9 17 -9 16 -9 18 -8 18 -8 17 -7 17 -7 16 -6 16 -6 16 -5 14 -6 15 -6 15 -6 14 -5 14 -5 13 -5 12 -5 13 -6 12 -6 0 0 11 -6 11 -6 11 -6 9 -6 9 -6 9 -7 9 -7 8 -7 8 -7 7 -9 7 -8 6 -8 6 -8 6 -8 5 -9 5 -9 5 -9 4 -9 3 -10 3 -10 2 -9 3 -9 2 -9 1 -9 1 -9 1 -10 0 0 0 0 0 0 0 0 0 0 ]
CSI_DATA,STA,00:70:07:26:35:95,-67,11,1,4,1,1,1,0,0,0,0,-97,0,6,1,14520958,0,110,0,0,14.9018,384,[110 96 6 0 0 0 0 0 0 0 0 0 10 -21 10 -21 11 -21 12 -19 12 -19 13 -18 13 -19 13 -18 14 -18 14 -17 14 -16 15 -16 14 -15 14 -15 13 -14 14 -15 13 -14 13 -13 12 -13 12 -13 11 -12 11 -12 10 -12 11 -12 11 -11 10 -12 0 0 8 -11 8 -11 8 -11 7 -11 7 -11 6 -11 6 -11 5 -11 5 -11 5 -10 4 -11 2 -10 3 -10 2 -11 2 -11 1 -11 1 -11 0 -11 -1 -11 -1 -10 -1 -10 -2 -10 -2 -10 -3 -11 -3 -10 -4 -10 0 0 0 0 0 0 0 0 0 0 ]
CSI_DATA,STA,00:70:07:26:35:95,-65,11,1,2,1,1,1,0,0,0,0,-97,0,6,1,14614040,0,110,0,0,14.9949,384,[110 96 6 0 0 0 0 0 0 0 0 0 10 19 10 21 9 20 8 21 7 20 7 21 6 21 5 21 5 21 5 19 5 20 5 20 4 20 3 18 3 19 3 18 3 18 3 16 3 17 2 16 2 16 2 15 2 14 3 14 3 14 4 14 0 0 3 13 4 12 4 12 4 11 5 11 4 11 5 10 5 9 6 9 5 7 7 9 6 7 7 7 8 7 7 6 8 6 8 5 9 5 8 5 8 4 9 4 9 4 9 2 9 2 8 1 10 1 0 0 0 0 0 0 0 0 0 0 ]
CSI_DATA,STA,00:70:07:26:35:95,-77,11,1,2,1,1,1,0,0,0,0,-97,0,6,1,14708239,0,110,0,0,15.0891,384,[110 96 6 0 0 0 0 0 0 0 0 0 45 -15 32 -13 37 4 54 -1 47 -2 40 -10 44 7 44 2 55 -10 41 10 54 26 60 24 42 21 53 33 46 19 68 29 42 48 32 35 49 26 42 40 41 7 52 26 23 28 34 46 47 35 39 31 0 0 33 36 46 24 34 21 45 17 23 23 43 19 40 15 34 22 39 24 33 6 48 8 21 3 28 -2 32 9 38 4 30 3 45 12 38 -17 40 2 37 -6 43 -9 36 -7 39 -2 37 -10 39 -16 35 -16 0 0 0 0 0 0 0 0 0 0 ]
CSI_DATA,STA,00:70:07:26:35:95,-65,11,1,2,1,1,1,0,0,0,0,-97,0,6,1,14799671,0,110,0,0,15.1805,384,[110 96 6 0 0 0 0 0 0 0 0 0 -20 -13 -20 -13 -19 -14 -19 -15 -18 -14 -18 -15 -17 -15 -17 -15 -16 -15 -15 -15 -15 -16 -15 -16 -15 -15 -14 -15 -13 -15 -13 -15 -13 -15 -12 -13 -12 -14 -12 -13 -12 -12 -12 -12 -11 -11 -12 -11 -11 -11 -11 -10 0 0 -11 -9 -10 -8 -11 -8 -11 -7 -10 -7 -10 -7 -10 -6 -10 -5 -11 -5 -11 -3 -10 -3 -9 -3 -9 -2 -10 -2 -10 -1 -10 -1 -9 -1 -9 0 -9 1 -9 1 -9 2 -8 2 -8 2 -7 3 -8 3 -7 4 0 0 0 0 0 0 0 0 0 0 ]
CSI_DATA,STA,00:70:07:26:35:95,-65,11,1,2,1,1,1,0,0,0,0,-97,0,6,1,14886318,0,110,0,0,15.2672,384,[110 96 6 0 0 0 0 0 0 0 0 0 23 3 23 4 22 4 23 5 21 5 22 6 22 6 21 6 21 6 20 7 21 8 20 8 19 8 18 8 18 8 18 8 18 8 16 7 16 6 17 6 15 6 15 6 14 6 15 6 14 5 14 5 0 0 13 3 13 3 13 3 12 2 11 1 12 0 11 1 11 0 11 0 11 -2 10 -2 9 -2 9 -2 9 -3 9 -3 9 -4 8 -4 8 -5 7 -5 7 -5 7 -5 6 -6 6 -6 6 -7 5 -7 4 -8 0 0 0 0 0 0 0 0 0 0 ]
CSI_DATA,STA,00:70:07:26:35:95,-60,11,0,0,0,0,0,0,0,0,0,-97,0,6,1,14981086,0,110,0,0,15.3621,128,[110 96 6 0 0 0 0 0 0 0 0 0 -37 75 -25 54 12 38 -45 47 -35 57 -17 24 -28 36 -45 31 -43 50 -23 19 -30 24 -30 40 -38 31 -29 28 -23 22 -34 36 -35 23 -29 24 -28 21 -31 20 -30 19 -30 19 -28 18 -29 20 -28 19 -28 17 0 0 -25 17 -26 16 -24 17 -24 15 -21 15 -23 15 -22 14 -20 15 -20 15 -20 12 -21 15 -18 14 -18 14 -18 15 -17 15 -17 15 -16 15 -15 15 -15 16 -13 15 -13 15 -13 15 -12 17 -11 16 -11 16 -10 16 0 0 0 0 0 0 0 0 0 0 ]
CSI_DATA,STA,00:70:07:26:35:95,-65,11,1,2,1,1,1,0,0,0,0,-97,0,6,1,15077059,0,110,0,0,15.458,384,[110 96 6 0 0 0 0 0 0 0 0 0 10 -19 11 -19 11 -18 12 -19 12 -18 12 -17 13 -17 13 -16 13 -16 14 -15 14 -15 13 -15 13 -14 13 -13 12 -13 13 -13 12 -12 11 -12 12 -12 12 -12 11 -11 11 -11 10 -11 10 -11 10 -10 9 -11 0 0 8 -10 8 -10 7 -10 6 -10 6 -10 5 -10 5 -10 4 -10 4 -10 2 -9 2 -10 2 -9 2 -9 1 -9 0 -9 0 -9 0 -10 -1 -9 -2 -9 -2 -9 -2 -9 -3 -8 -3 -8 -4 -8 -4 -8 -5 -8 0 0 0 0 0 0 0 0 0 0 ]
CSI_DATA,STA,00:70:07:26:35:95,-67,11,1,4,1,1,1,0,0,0,0,-97,0,6,1,15169534,0,110,0,0,15.5504,384,[110 96 6 0 0 0 0 0 0 0 0 0 -6 21 -6 22 -7 21 -8 21 -8 20 -9 20 -10 20 -9 19 -10 19 -9 17 -10 19 -10 18 -10 17 -10 16 -10 16 -10 15 -10 16 -9 14 -9 14 -9 13 -8 13 -9 13 -7 12 -7 12 -7 12 -7 13 0 0 -5 12 -5 11 -5 11 -4 11 -4 10 -3 10 -3 10 -2 10 -2 9 -1 8 -1 9 0 8 0 9 1 9 1 8 2 8 1 8 3 7 3 7 3 7 4 6 4 6 4 5 5 6 5 5 6 5 0 0 0 0 0 0 0 0 0 0 ]
CSI_DATA,STA,00:70:07:26:35:95,-66,11,1,4,1,1,1,0,0,0,0,-97,0,6,1,15239571,0,110,0,0,15.6202,384,[110 96 6 0 0 0 0 0 0 0 0 0 -14 -20 -13 -20 -13 -20 -12 -21 -11 -22 -11 -21 -10 -21 -9 -20 -9 -21 -8 -21 -7 -21 -8 -21 -7 -21 -6 -20 -7 -19 -6 -20 -6 -19 -6 -18 -6 -18 -6 -17 -5 -17 -6 -17 -5 -16 -6 -16 -5 -15 -6 -15 0 0 -6 -14 -7 -13 -7 -12 -7 -12 -7 -11 -7 -11 -7 -10 -7 -10 -8 -9 -9 -8 -9 -8 -8 -7 -7 -7 -8 -6 -8 -6 -9 -5 -9 -5 -8 -5 -9 -4 -9 -4 -9 -3 -9 -2 -10 -2 -10 -2 -9 -1 -9 -1 0 0 0 0 0 0 0 0 0 0 ]
CSI_DATA,STA,00:70:07:26:35:95,-66,11,1,4,1,1,1,0,0,0,0,-97,0,6,1,15337675,0,110,0,0,15.7186,384,[110 96 6 0 0 0 0 0 0 0 0 0 -14 -21 -13 -22 -11 -22 -11 -23 -10 -22 -10 -22 -9 -23 -9 -23 -8 -23 -7 -22 -7 -23 -7 -23 -6 -22 -6 -22 -6 -21 -5 -21 -5 -21 -4 -19 -5 -20 -5 -19 -4 -19 -4 -18 -4 -17 -5 -17 -4 -17 -6 -17 0 0 -5 -15 -6 -14 -6 -14 -6 -13 -6 -13 -6 -12 -6 -12 -7 -12 -7 -11 -9 -9 -8 -9 -7 -9 -8 -8 -8 -8 -8 -7 -10 -7 -8 -7 -10 -7 -10 -6 -10 -5 -10 -5 -10 -4 -10 -4 -11 -3 -10 -2 -10 -2 0 0 0 0 0 0 0 0 0 0 ]
CSI_DATA,STA,00:70:07:26:35:95,-67,11,1,4,1,1,1,0,0,0,0,-97,0,6,1,15426759,0,110,0,0,15.8076,384,[110 96 6 0 0 0 0 0 0 0 0 0 -15 -18 -13 -19 -12 -19 -12 -21 -12 -20 -11 -20 -10 -20 -10 -19 -9 -20 -9 -19 -9 -19 -9 -20 -8 -19 -8 -18 -8 -18 -7 -18 -7 -19 -6 -16 -6 -17 -6 -16 -6 -16 -6 -15 -6 -14 -6 -15 -6 -14 -7 -14 0 0 -7 -12 -7 -12 -7 -12 -7 -11 -7 -11 -7 -10 -7 -10 -8 -9 -8 -9 -9 -6 -9 -6 -8 -6 -8 -6 -9 -6 -8 -5 -10 -5 -8 -5 -9 -4 -9 -3 -9 -2 -9 -2 -9 -1 -9 -1 -10 0 -9 0 -10 1 0 0 0 0 0 0 0 0 0 0 ]
CSI_DATA,STA,00:70:07:26:35:95,-67,11,1,4,1,1,1,0,0,0,0,-97,0,6,1,15517508,0,110,0,0,15.8984,384,[110 96 6 0 0 0 0 0 0 0 0 0 -24 -10 -23 -11 -23 -11 -23 -12 -21 -13 -21 -13 -21 -14 -20 -13 -20 -15 -19 -14 -19 -15 -18 -16 -18 -15 -17 -15 -17 -15 -16 -15 -16 -15 -15 -14 -15 -14 -15 -14 -15 -12 -14 -12 -13 -12 -13 -12 -13 -12 -13 -11 0 0 -13 -10 -12 -9 -12 -9 -12 -8 -12 -8 -13 -8 -12 -6 -12 -6 -13 -5 -14 -5 -12 -4 -11 -4 -11 -3 -11 -3 -11 -3 -12 -2 -11 -2 -12 -1 -11 0 -11 1 -10 0 -11 1 -10 1 -11 3 -10 2 -10 3 0 0 0 0 0 0 0 0 0 0 ]
CSI_DATA,STA,00:70:07:26:35:95,-68,11,1,4,1,1,1,0,0,0,0,-97,0,6,1,15611802,0,110,0,0,15.9927,384,[110 96 6 0 0 0 0 0 0 0 0 0 -18 -12 -18 -14 -17 -14 -17 -15 -15 -14 -16 -16 -16 -15 -14 -15 -14 -15 -14 -15 -14 -15 -13 -15 -13 -15 -12 -15 -12 -14 -11 -15 -11 -14 -11 -13 -11 -13 -10 -12 -10 -12 -10 -12 -10 -11 -10 -11 -10 -10 -10 -11 0 0 -10 -9 -9 -8 -10 -8 -10 -7 -10 -7 -10 -7 -9 -6 -9 -5 -10 -5 -9 -3 -9 -3 -9 -3 -10 -3 -10 -2 -9 -2 -10 -1 -9 0 -9 1 -10 1 -9 1 -9 2 -9 2 -9 3 -9 3 -8 4 -8 4 0 0 0 0 0 0 0 0 0 0 ]
CSI_DATA,STA,00:70:07:26:35:95,-65,11,1,2,1,1,1,0,0,0,0,-97,0,6,1,15701997,0,110,0,0,16.0829,384,[110 96 6 0 0 0 0 0 0 0 0 0 9 20 9 21 8 21 7 22 7 21 6 21 6 21 6 21 5 20 5 19 4 21 4 20 3 20 3 19 3 19 2 19 2 19 2 17 2 18 2 17 3 16 2 16 3 14 2 15 2 15 3 15 0 0 3 13 4 13 3 12 4 11 4 11 4 11 5 10 5 9 5 9 6 9 6 8 6 7 6 7 7 7 7 6 7 6 7 6 7 5 7 4 8 3 7 4 7 3 8 2 8 2 8 2 8 1 0 0 0 0 0 0 0 0 0 0 ]
CSI_DATA,STA,00:70:07:26:35:95,-65,11,1,2,1,1,1,0,0,0,0,-97,0,6,1,15783618,0,110,0,0,16.1645,384,[110 96 6 0 0 0 0 0 0 0 0 0 -7 -24 -7 -24 -5 -24 -5 -25 -4 -24 -4 -25 -3 -25 -2 -23 -1 -24 -1 -22 -1 -23 -1 -23 0 -22 0 -21 0 -21 0 -21 0 -21 0 -19 0 -19 0 -19 1 -18 0 -18 0 -17 0 -17 0 -17 0 -16 0 0 -1 -15 -1 -15 -2 -15 -2 -14 -2 -14 -3 -14 -3 -13 -3 -13 -4 -11 -4 -10 -4 -11 -5 -11 -5 -10 -5 -10 -6 -9 -6 -10 -7 -9 -7 -9 -7 -8 -8 -7 -7 -8 -8 -7 -8 -6 -9 -6 -8 -5 -9 -4 0 0 0 0 0 0 0 0 0 0 ]
CSI_DATA,STA,00:70:07:26:35:95,-66,11,1,2,1,1,1,0,0,0,0,-97,0,6,1,15877343,0,110,0,0,16.2582,384,[110 96 6 0 0 0 0 0 0 0 0 0 -13 18 -13 18 -14 18 -15 18 -15 17 -16 17 -16 16 -16 15 -16 15 -16 14 -16 14 -16 14 -16 14 -16 12 -16 11 -17 12 -16 11 -15 11 -16 10 -15 10 -14 9 -13 9 -12 9 -13 9 -13 9 -12 10 0 0 -11 9 -11 9 -11 9 -9 9 -9 9 -8 9 -8 9 -8 9 -7 9 -6 8 -7 9 -6 8 -5 9 -4 9 -4 9 -4 9 -2 9 -2 9 -2 9 -1 8 -1 8 -1 8 1 8 1 8 1 8 2 8 0 0 0 0 0 0 0 0 0 0 ]
CSI_DATA,STA,00:70:07:26:35:95,-66,11,1,4,1,1,1,0,0,0,0,-97,0,6,1,15969058,0,110,0,0,16.3497,384,[110 96 6 0 0 0 0 0 0 0 0 0 -21 -3 -21 -4 -21 -5 -22 -5 -20 -5 -20 -6 -20 -7 -19 -8 -19 -8 -18 -8 -19 -8 -19 -8 -18 -8 -17 -8 -17 -8 -16 -8 -16 -8 -15 -7 -15 -8 -14 -7 -14 -7 -14 -7 -13 -6 -15 -6 -13 -6 -14 -6 0 0 -13 -5 -12 -4 -12 -4 -12 -4 -12 -3 -12 -3 -12 -3 -12 -2 -10 -2 -10 -2 -11 0 -10 0 -10 0 -10 1 -9 1 -10 1 -9 2 -10 2 -9 3 -9 3 -9 3 -8 4 -8 4 -8 5 -7 5 -7 5 0 0 0 0 0 0 0 0 0 0 ]
CSI_DATA,STA,00:70:07:26:35:95,-66,11,1,2,1,1,1,0,0,0,0,-97,0,6,1,16051300,0,110,0,0,16.4322,384,[110 96 6 0 0 0 0 0 0 0 0 0 -12 -20 -11 -21 -11 -21 -11 -21 -10 -21 -9 -22 -8 -22 -8 -21 -7 -21 -7 -21 -7 -22 -6 -21 -6 -21 -6 -20 -5 -19 -5 -20 -5 -19 -4 -18 -4 -18 -5 -18 -5 -17 -4 -16 -5 -15 -5 -16 -4 -14 -5 -14 0 0 -5 -13 -5 -12 -6 -12 -6 -11 -6 -11 -5 -11 -6 -10 -6 -10 -7 -8 -6 -8 -7 -8 -7 -7 -7 -7 -8 -6 -8 -6 -8 -6 -8 -4 -8 -4 -9 -3 -8 -3 -8 -2 -8 -2 -9 -1 -8 -1 -8 0 -8 0 0 0 0 0 0 0 0 0 0 0 ]
CSI_DATA,STA,00:70:07:26:35:95,-65,11,1,2,1,1,1,0,0,0,0,-97,0,6,1,16143602,0,110,0,0,16.5245,384,[110 96 6 0 0 0 0 0 0 0 0 0 25 1 26 2 26 2 26 3 25 4 26 4 25 5 24 5 24 6 23 6 24 7 23 7 23 7 21 7 21 7 21 7 21 7 19 7 19 7 18 6 18 6 17 6 16 6 16 5 16 5 16 5 0 0 15 4 15 3 15 3 14 2 13 2 14 1 13 1 13 0 12 0 11 0 12 -1 11 -1 11 -1 11 -3 10 -3 11 -3 10 -4 10 -5 9 -5 8 -6 8 -5 7 -6 7 -6 7 -7 7 -7 5 -7 0 0 0 0 0 0 0 0 0 0 ]
CSI_DATA,STA,00:70:07:26:35:95,-64,11,1,2,1,1,1,0,0,0,0,-97,0,6,1,16237751,0,110,0,0,16.6186,384,[110 96 6 0 0 0 0 0 0 0 0 0 -7 21 -7 21 -9 20 -10 20 -10 19 -10 20 -11 19 -11 18 -12 18 -11 17 -12 18 -12 17 -12 17 -12 16 -12 15 -13 15 -11 15 -11 14 -11 14 -11 13 -11 13 -10 12 -10 13 -9 12 -9 12 -9 12 0 0 -7 12 -8 12 -7 12 -7 11 -6 11 -6 11 -6 11 -5 10 -4 11 -2 10 -3 11 -3 10 -2 10 -1 10 -2 10 -1 10 0 10 0 9 0 10 1 8 1 9 1 9 2 9 3 8 3 8 4 8 0 0 0 0 0 0 0 0 0 0 ]
CSI_DATA,STA,00:70:07:26:35:95,-64,11,1,2,1,1,1,0,0,0,0,-97,0,6,1,16339135,0,110,0,0,16.72,384,[110 96 6 0 0 0 0 0 0 0 0 0 19 15 18 16 17 17 17 18 15 17 16 19 15 18 15 18 13 18 13 18 13 19 12 18 12 18 11 17 11 17 10 18 10 17 9 16 9 16 9 16 9 15 9 14 8 13 9 14 8 13 9 13 0 0 9 12 9 11 9 11 9 10 9 10 10 9 9 9 10 8 9 8 9 7 10 7 10 6 10 5 11 5 10 4 11 4 10 3 11 2 11 2 10 2 11 2 10 1 11 0 11 -1 10 -1 11 -2 0 0 0 0 0 0 0 0 0 0 ]
CSI_DATA,STA,00:70:07:26:35:95,-64,11,1,2,1,1,1,0,0,0,0,-97,0,6,1,16432561,0,110,0,0,16.8134,384,[110 96 6 0 0 0 0 0 0 0 0 0 2 -23 3 -23 4 -23 5 -23 5 -22 6 -22 7 -22 7 -21 7 -20 8 -20 8 -21 8 -20 8 -19 8 -18 7 -18 9 -18 8 -17 7 -16 7 -16 7 -16 7 -16 7 -15 6 -15 6 -15 5 -15 5 -15 0 0 5 -14 4 -14 3 -14 2 -13 2 -13 2 -13 2 -13 1 -13 1 -13 -1 -14 -2 -13 -2 -12 -2 -11 -3 -12 -3 -12 -4 -12 -4 -11 -4 -12 -5 -11 -5 -11 -5 -11 -7 -11 -6 -10 -7 -10 -7 -9 -8 -10 0 0 0 0 0 0 0 0 0 0 ]
CSI_DATA,STA,00:70:07:26:35:95,-67,11,1,2,1,1,1,0,0,0,0,-97,0,6,1,16509688,0,110,0,0,16.8906,384,[110 96 6 0 0 0 0 0 0 0 0 0 -22 -1 -22 -1 -22 -2 -22 -3 -22 -4 -21 -4 -22 -5 -20 -5 -20 -6 -19 -6 -20 -6 -19 -7 -18 -6 -18 -7 -17 -6 -17 -7 -17 -7 -15 -6 -16 -7 -16 -7 -14 -6 -14 -5 -13 -5 -15 -5 -14 -5 -14 -4 0 0 -13 -4 -13 -3 -12 -3 -12 -2 -12 -2 -12 -2 -11 -2 -11 -1 -12 0 -11 2 -11 1 -10 2 -10 2 -11 2 -10 3 -10 3 -9 3 -9 4 -9 4 -9 5 -9 5 -9 5 -8 6 -8 7 -7 7 -7 8 0 0 0 0 0 0 0 0 0 0 ]
CSI_DATA,STA,00:70:07:26:35:95,-69,11,1,4,1,1,1,0,0,0,0,-97,0,6,1,16597258,0,110,0,0,16.9787,384,[110 96 6 0 0 0 0 0 0 0 0 0 22 -7 20 -5 22 -6 20 -5 21 -4 21 -3 22 -3 20 -2 21 -2 20 -1 20 -2 21 -1 19 -1 19 0 17 0 19 -2 17 -1 17 -2 16 -1 16 -2 16 -2 15 -2 15 -2 14 -3 14 -2 13 -2 0 0 13 -4 12 -5 12 -4 10 -5 8 -4 8 -6 12 -6 10 -5 5 -5 5 -13 8 -8 6 -6 5 -8 5 -8 5 -8 3 -8 5 -8 3 -7 3 -9 2 -10 1 -9 2 -8 2 -10 1 -10 0 -9 -1 -9 0 0 0 0 0 0 0 0 0 0 ]
CSI_DATA,STA,00:70:07:26:35:95,-68,11,1,4,1,1,1,0,0,0,0,-97,0,6,1,16682837,0,110,0,0,17.0635,384,[110 96 6 0 0 0 0 0 0 0 0 0 18 -5 19 -3 19 -3 19 -3 19 -2 19 -2 19 0 19 -1 18 0 17 0 19 1 18 0 17 1 17 2 16 1 16 2 16 2 15 1 15 2 15 1 14 1 14 1 13 1 14 1 13 1 13 0 0 0 12 0 12 -1 12 -1 12 -2 11 -1 11 -2 10 -2 9 -3 9 -3 8 -4 9 -4 8 -4 8 -4 8 -4 8 -5 8 -6 7 -6 7 -6 7 -7 6 -7 6 -7 5 -7 5 -7 5 -8 4 -8 4 -9 0 0 0 0 0 0 0 0 0 0 ]
CSI_DATA,STA,00:70:07:26:35:95,-66,11,1,2,1,1,1,0,0,0,0,-97,0,6,1,16777260,0,110,0,0,17.1582,384,[110 96 6 0 0 0 0 0 0 0 0 0 4 21 3 21 3 21 2 21 1 22 0 21 0 21 -1 20 0 20 -2 19 -2 20 -3 19 -3 18 -3 18 -3 18 -3 18 -3 17 -3 16 -3 16 -3 15 -3 14 -3 14 -2 14 -2 14 -2 14 -2 13 0 0 -1 12 -1 12 0 12 0 11 0 10 1 11 1 11 1 10 2 10 4 10 3 10 3 8 4 9 4 9 4 8 5 8 5 7 6 7 6 7 7 6 7 6 6 5 7 5 8 4 8 5 8 4 0 0 0 0 0 0 0 0 0 0 ]
CSI_DATA,STA,00:70:07:26:35:95,-67,11,1,2,1,1,1,0,0,0,0,-97,0,6,1,16874739,0,110,0,0,17.2557,384,[110 96 6 0 0 0 0 0 0 0 0 0 -22 4 -22 3 -22 2 -22 2 -22 1 -22 0 -22 -1 -21 -1 -22 -1 -21 -1 -21 -2 -20 -2 -20 -3 -20 -3 -19 -3 -19 -3 -19 -3 -17 -3 -17 -4 -17 -3 -16 -3 -15 -3 -15 -2 -15 -2 -15 -2 -14 -1 0 0 -13 -1 -13 0 -13 -1 -12 0 -11 0 -11 0 -11 1 -10 2 -10 2 -8 3 -9 2 -8 3 -8 3 -8 3 -8 4 -8 5 -6 5 -6 5 -6 5 -5 6 -5 6 -5 6 -4 7 -3 7 -3 7 -3 7 0 0 0 0 0 0 0 0 0 0 ]
CSI_DATA,STA,00:70:07:26:35:95,-66,11,1,2,1,1,1,0,0,0,0,-97,0,6,1,16956110,0,110,0,0,17.337,384,[110 96 6 0 0 0 0 0 0 0 0 0 -20 -10 -20 -11 -19 -11 -20 -12 -19 -12 -18 -13 -18 -13 -17 -13 -17 -14 -16 -13 -17 -15 -16 -14 -16 -14 -15 -13 -14 -13 -14 -14 -14 -13 -13 -12 -13 -12 -13 -12 -12 -11 -12 -12 -11 -10 -11 -10 -12 -11 -12 -10 0 0 -12 -9 -11 -8 -11 -8 -11 -7 -11 -7 -11 -6 -11 -6 -11 -5 -10 -4 -10 -3 -11 -4 -10 -3 -10 -2 -11 -2 -10 -1 -10 -1 -11 -1 -10 0 -10 0 -10 1 -10 1 -9 1 -9 2 -9 3 -9 3 -9 3 0 0 0 0 0 0 0 0 0 0 ]
CSI_DATA,STA,00:70:07:26:35:95,-65,11,1,2,1,1,1,0,0,0,0,-97,0,6,1,17055553,0,110,0,0,17.4365,384,[110 96 6 0 0 0 0 0 0 0 0 0 -10 -26 -10 -26 -8 -27 -7 -27 -7 -26 -7 -27 -6 -27 -6 -26 -5 -26 -4 -26 -4 -26 -2 -26 -2 -25 -2 -24 -3 -24 -2 -25 -2 -24 -1 -22 -2 -22 -2 -22 -2 -21 -2 -20 -3 -19 -2 -20 -2 -19 -3 -20 0 0 -3 -18 -3 -17 -4 -16 -4 -16 -4 -16 -5 -15 -5 -15 -6 -15 -6 -14 -7 -12 -7 -13 -6 -12 -7 -12 -7 -12 -8 -11 -9 -11 -8 -11 -9 -9 -9 -9 -10 -8 -9 -8 -10 -8 -10 -7 -10 -7 -10 -6 -10 -6 0 0 0 0 0 0 0 0 0 0 ]
CSI_DATA,STA,00:70:07:26:35:95,-66,11,1,2,1,1,1,0,0,0,0,-97,0,6,1,17148532,0,110,0,0,17.5295,384,[110 96 6 0 0 0 0 0 0 0 0 0 -20 -15 -20 -17 -19 -16 -19 -17 -17 -18 -17 -18 -17 -19 -16 -19 -16 -19 -15 -19 -15 -19 -15 -19 -15 -19 -15 -19 -13 -18 -13 -19 -13 -18 -12 -17 -11 -17 -12 -18 -11 -17 -11 -17 -11 -15 -11 -15 -11 -14 -11 -15 0 0 -11 -13 -11 -12 -11 -12 -11 -11 -10 -11 -11 -11 -11 -10 -11 -9 -10 -9 -12 -10 -12 -8 -11 -7 -11 -7 -11 -6 -11 -6 -12 -5 -11 -5 -12 -4 -12 -4 -12 -3 -11 -3 -12 -2 -11 -2 -12 -1 -11 -1 -11 0 0 0 0 0 0 0 0 0 0 0 ]
CSI_DATA,STA,00:70:07:26:35:95,-61,11,0,0,0,0,0,0,0,0,0,-97,0,6,1,17237861,0,110,0,0,17.6189,128,[110 96 6 0 0 0 0 0 0 0 0 0 -13 -29 -12 -29 -13 -31 -12 -31 -11 -31 -10 -30 -9 -31 -8 -30 -7 -30 -8 -30 -7 -31 -7 -30 -6 -30 -7 -29 -6 -27 -5 -29 -5 -27 -5 -25 -5 -25 -5 -25 -5 -25 -5 -24 -5 -23 -6 -23 -6 -22 -6 -22 0 0 -7 -20 -7 -20 -8 -20 -8 -19 -8 -18 -8 -17 -8 -17 -9 -16 -9 -15 -10 -15 -10 -15 -10 -13 -10 -12 -10 -12 -10 -12 -11 -11 -11 -10 -11 -9 -12 -9 -11 -8 -11 -7 -12 -7 -11 -6 -11 -5 -11 -4 -11 -4 0 0 0 0 0 0 0 0 0 0 ]
CSI_DATA,STA,00:70:07:26:35:95,-65,11,1,2,1,1,1,0,0,0,0,-97,0,6,1,17319525,0,110,0,0,17.7004,384,[110 96 6 0 0 0 0 0 0 0 0 0 -25 3 -26 2 -25 1 -27 1 -25 -1 -26 0 -25 -2 -25 -1 -25 -2 -23 -2 -25 -3 -25 -3 -24 -3 -23 -3 -23 -4 -23 -4 -23 -4 -20 -3 -21 -3 -21 -3 -20 -4 -20 -3 -18 -3 -19 -3 -19 -3 -19 -2 0 0 -18 -1 -17 -1 -17 0 -16 0 -16 0 -16 0 -15 1 -15 2 -15 1 -15 2 -15 3 -13 3 -14 4 -14 4 -12 4 -13 4 -11 5 -12 6 -11 6 -10 6 -10 7 -10 5 -8 6 -9 7 -8 7 -8 7 0 0 0 0 0 0 0 0 0 0 ]
CSI_DATA,STA,00:70:07:26:35:95,-66,11,1,4,1,1,1,0,0,0,0,-97,0,6,1,17401420,0,110,0,0,17.782,384,[110 96 6 0 0 0 0 0 0 0 0 0 16 -16 17 -16 18 -15 18 -15 18 -14 19 -13 19 -13 19 -13 19 -12 19 -11 20 -12 19 -11 19 -10 18 -10 18 -10 19 -10 18 -9 16 -9 17 -9 16 -9 16 -8 16 -9 15 -8 14 -8 14 -8 14 -8 0 0 13 -9 12 -8 12 -9 11 -9 11 -9 11 -10 10 -9 9 -9 10 -10 9 -12 8 -11 7 -11 7 -10 6 -11 6 -10 6 -11 6 -11 5 -11 4 -12 4 -11 4 -11 3 -11 3 -11 3 -12 2 -11 1 -11 0 0 0 0 0 0 0 0 0 0 ]
CSI_DATA,STA,00:70:07:26:35:95,-64,11,1,2,1,1,1,0,0,0,0,-97,0,6,1,17499640,0,110,0,0,17.8804,384,[110 96 6 0 0 0 0 0 0 0 0 0 9 24 8 25 7 25 6 26 5 25 5 25 4 25 3 24 3 24 2 24 2 25 1 25 1 23 1 22 1 23 0 23 1 23 0 21 0 21 0 21 0 19 0 20 0 19 0 18 0 18 1 18 0 0 2 18 2 16 2 17 3 16 3 16 3 15 3 15 4 14 5 14 6 12 6 14 6 13 6 13 6 13 6 12 7 12 7 11 8 11 8 11 8 10 8 10 9 10 9 8 9 9 9 8 9 7 0 0 0 0 0 0 0 0 0 0 ]
CSI_DATA,STA,00:70:07:26:35:95,-64,11,1,2,1,1,1,0,0,0,0,-97,0,6,1,17590063,0,110,0,0,17.9709,384,[110 96 6 0 0 0 0 0 0 0 0 0 20 15 20 17 18 17 19 18 17 18 17 19 17 19 16 19 16 19 15 19 16 21 14 20 15 19 13 19 14 18 13 19 12 18 12 17 12 18 12 17 12 16 12 16 11 14 11 15 12 15 12 14 0 0 12 12 12 12 12 12 11 11 12 11 12 10 12 10 12 8 12 8 13 7 13 7 12 6 12 6 13 5 13 6 13 5 13 4 13 3 13 2 12 2 12 2 12 1 12 0 13 0 11 1 11 -1 0 0 0 0 0 0 0 0 0 0 ]
CSI_DATA,STA,00:70:07:26:35:95,-65,11,1,2,1,1,1,0,0,0,0,-97,0,6,1,17689129,0,110,0,0,18.07,384,[110 96 6 0 0 0 0 0 0 0 0 0 -17 -16 -16 -18 -16 -18 -16 -19 -14 -19 -14 -20 -13 -20 -13 -20 -12 -20 -12 -20 -12 -21 -11 -20 -11 -20 -10 -20 -9 -20 -9 -20 -10 -19 -9 -18 -9 -18 -8 -18 -9 -17 -8 -17 -8 -16 -9 -16 -8 -16 -9 -16 0 0 -8 -15 -9 -14 -9 -14 -9 -13 -9 -13 -9 -13 -9 -12 -10 -11 -9 -11 -9 -9 -11 -10 -10 -9 -11 -9 -11 -9 -11 -8 -11 -8 -11 -8 -11 -7 -11 -6 -11 -6 -12 -6 -11 -5 -12 -5 -11 -4 -11 -4 -11 -4 0 0 0 0 0 0 0 0 0 0 ]
CSI_DATA,STA,00:70:07:26:35:95,-64,11,1,2,1,1,1,0,0,0,0,-97,0,6,1,17775941,0,110,0,0,18.1567,384,[110 96 6 0 0 0 0 0 0 0 0 0 15 -21 16 -19 17 -19 18 -18 18 -17 18 -17 19 -16 18 -15 19 -15 19 -14 19 -15 20 -14 19 -13 19 -12 18 -12 19 -12 18 -11 17 -11 17 -10 17 -11 17 -10 16 -10 15 -10 15 -10 15 -10 14 -11 0 0 13 -10 13 -11 13 -10 12 -11 12 -10 11 -11 11 -11 10 -11 10 -12 8 -13 9 -12 8 -11 8 -12 7 -12 8 -12 7 -13 7 -12 6 -13 6 -13 5 -13 5 -12 4 -13 4 -11 3 -12 3 -11 2 -14 0 0 0 0 0 0 0 0 0 0 ]
CSI_DATA,STA,00:70:07:26:35:95,-63,11,1,2,1,1,1,0,0,0,0,-97,0,6,1,17871150,0,110,0,0,18.2521,384,[110 96 6 0 0 0 0 0 0 0 0 0 -23 -12 -23 -13 -22 -13 -23 -14 -21 -15 -21 -16 -20 -16 -20 -15 -19 -16 -19 -16 -19 -17 -18 -18 -18 -16 -17 -16 -16 -16 -16 -16 -16 -16 -15 -15 -16 -15 -15 -15 -15 -14 -15 -14 -14 -13 -14 -13 -14 -13 -15 -13 0 0 -14 -11 -14 -11 -14 -10 -14 -9 -14 -9 -14 -9 -14 -8 -14 -8 -14 -7 -15 -6 -15 -6 -14 -5 -13 -4 -14 -4 -14 -4 -14 -4 -13 -4 -14 -3 -14 -2 -14 -1 -13 -1 -13 -1 -13 0 -13 0 -13 0 -12 1 0 0 0 0 0 0 0 0 0 0 ]
CSI_DATA,STA,00:70:07:26:35:95,-63,11,1,2,1,1,1,0,0,0,0,-97,0,6,1,17956234,0,110,0,0,18.3371,384,[110 96 6 0 0 0 0 0 0 0 0 0 6 -26 7 -25 8 -25 9 -25 9 -24 10 -24 11 -24 10 -24 12 -22 10 -22 11 -24 11 -22 12 -21 12 -19 12 -19 12 -20 12 -20 10 -18 11 -19 11 -17 10 -18 10 -17 9 -16 9 -17 9 -16 9 -17 0 0 8 -16 8 -16 8 -16 6 -15 6 -15 5 -16 5 -15 4 -15 4 -15 4 -16 3 -15 2 -14 2 -15 1 -15 1 -14 1 -14 1 -14 -1 -14 -1 -14 -1 -13 -1 -14 -2 -13 -2 -12 -3 -13 -3 -12 -4 -11 0 0 0 0 0 0 0 0 0 0 ]
CSI_DATA,STA,00:70:07:26:35:95,-65,11,1,4,1,1,1,0,0,0,0,-97,0,6,1,18036014,0,110,0,0,18.4175,384,[110 96 6 0 0 0 0 0 0 0 0 0 -10 -22 -11 -24 -11 -24 -10 -23 -10 -24 -8 -25 -8 -25 -7 -23 -7 -24 -5 -24 -4 -25 -4 -24 -4 -24 -3 -23 -4 -23 -3 -23 -3 -23 -4 -20 -3 -21 -3 -21 -4 -20 -4 -20 -3 -19 -2 -20 -3 -19 -4 -19 0 0 -4 -18 -4 -16 -4 -17 -5 -15 -5 -14 -7 -17 -4 -14 -8 -16 -10 -19 -7 -23 -7 -14 -8 -13 -8 -13 -9 -12 -7 -12 -9 -12 -8 -11 -9 -11 -9 -10 -10 -11 -10 -10 -10 -9 -10 -8 -10 -8 -10 -8 -9 -7 0 0 0 0 0 0 0 0 0 0 ]
CSI_DATA,STA,00:70:07:26:35:95,-64,11,1,2,1,1,1,0,0,0,0,-97,0,6,1,18129193,0,110,0,0,18.5101,384,[110 96 6 0 0 0 0 0 0 0 0 0 23 -4 23 -3 23 -2 24 -2 22 -1 24 0 23 1 22 1 22 1 21 2 22 2 21 2 21 2 20 2 20 3 20 3 20 3 18 3 19 3 18 3 17 3 17 3 16 2 16 2 16 2 16 1 0 0 15 1 15 1 15 0 14 -1 14 -1 13 -1 13 -1 13 -2 13 -2 13 -3 12 -4 11 -4 11 -5 11 -5 11 -4 11 -5 10 -6 10 -6 10 -7 9 -7 10 -7 8 -7 8 -7 8 -8 8 -8 7 -9 0 0 0 0 0 0 0 0 0 0 ]
CSI_DATA,STA,00:70:07:26:35:95,-64,11,1,2,1,1,1,0,0,0,0,-97,0,6,1,18225217,0,110,0,0,18.6059,384,[110 96 6 0 0 0 0 0 0 0 0 0 -1 19 -2 20 -2 20 -4 20 -4 19 -4 20 -5 19 -5 18 -6 18 -5 17 -6 18 -6 18 -6 17 -6 17 -6 16 -8 17 -7 16 -7 15 -7 15 -7 14 -7 14 -7 14 -6 13 -6 13 -6 13 -5 13 0 0 -5 12 -4 13 -4 12 -3 12 -3 12 -3 11 -3 11 -2 11 -1 11 0 11 0 11 0 10 1 11 1 11 1 11 2 11 2 10 3 10 3 10 3 10 3 10 3 9 4 9 4 9 4 8 5 8 0 0 0 0 0 0 0 0 0 0 ]
CSI_DATA,STA,00:70:07:26:35:95,-60,11,0,0,0,0,0,0,0,0,0,-97,0,6,1,18303943,0,110,0,0,18.6849,128,[110 96 6 0 0 0 0 0 0 0 0 0 27 13 27 15 27 16 28 18 25 17 25 18 24 20 22 19 22 20 22 19 23 20 22 20 22 20 20 19 19 19 19 20 19 19 18 17 18 18 18 18 16 17 17 16 16 14 17 15 18 14 17 15 0 0 16 13 17 12 18 12 17 10 17 10 17 10 17 9 16 8 16 7 15 6 17 7 17 5 16 4 17 4 17 3 18 3 17 2 17 1 17 1 17 0 17 0 16 -1 16 -2 16 -3 15 -4 16 -4 0 0 0 0 0 0 0 0 0 0 ]
CSI_DATA,STA,00:70:07:26:35:95,-73,11,1,2,1,1,1,0,0,0,0,-97,0,6,1,18395973,0,110,0,0,18.7769,384,[110 96 6 0 0 0 0 0 0 0 0 0 33 -2 32 0 40 19 56 30 54 22 42 11 44 35 45 25 56 21 34 23 57 42 53 48 50 42 57 43 39 37 52 47 43 49 30 37 37 36 44 40 38 25 38 40 28 34 31 53 38 45 38 47 0 0 50 46 45 44 48 49 42 28 33 40 42 35 49 30 43 31 52 28 48 6 56 20 33 16 39 17 50 19 46 7 49 23 46 34 41 0 48 20 46 -4 56 11 49 6 53 -5 58 2 44 -2 40 -1 0 0 0 0 0 0 0 0 0 0 ]
CSI_DATA,STA,00:70:07:26:35:95,-64,11,1,2,1,1,1,0,0,0,0,-97,0,6,1,18488080,0,110,0,0,18.869,384,[110 96 6 0 0 0 0 0 0 0 0 0 23 9 23 10 22 11 23 12 21 12 22 12 21 13 21 12 20 14 19 13 20 15 19 15 18 14 17 14 17 13 18 14 17 13 16 12 16 13 16 12 15 11 15 11 15 11 15 11 14 11 15 10 0 0 15 9 13 8 14 8 13 7 14 7 14 6 14 6 13 4 13 4 14 5 14 3 13 3 13 2 13 2 12 2 13 1 12 0 13 -1 13 -2 12 -1 12 -2 11 -2 11 -2 11 -3 10 -3 10 -3 0 0 0 0 0 0 0 0 0 0 ]
CSI_DATA,STA,00:70:07:26:35:95,-59,11,0,0,0,0,0,0,0,0,0,-97,0,6,1,18581517,0,110,0,0,18.9625,128,[110 96 6 0 0 0 0 0 0 0 0 0 -20 -25 -20 -26 -19 -26 -19 -27 -17 -27 -16 -28 -16 -28 -15 -27 -13 -28 -13 -27 -13 -28 -14 -28 -13 -28 -12 -27 -11 -26 -11 -27 -10 -26 -10 -24 -10 -25 -9 -24 -9 -23 -9 -23 -9 -21 -10 -22 -10 -22 -10 -22 0 0 -11 -19 -10 -19 -11 -19 -11 -17 -11 -17 -11 -17 -11 -16 -11 -15 -11 -15 -11 -16 -13 -15 -12 -13 -12 -12 -12 -13 -12 -12 -13 -12 -13 -11 -13 -10 -13 -10 -13 -9 -14 -9 -13 -8 -13 -8 -14 -7 -13 -6 -13 -5 0 0 0 0 0 0 0 0 0 0 ]
CSI_DATA,STA,00:70:07:26:35:95,-64,11,1,2,1,1,1,0,0,0,0,-97,0,6,1,18670260,0,110,0,0,19.0511,384,[110 96 6 0 0 0 0 0 0 0 0 0 -25 11 -25 10 -27 10 -26 8 -27 8 -26 7 -27 7 -26 5 -25 5 -26 4 -27 4 -27 4 -25 3 -24 3 -24 3 -25 3 -23 3 -22 3 -22 2 -22 3 -21 2 -20 2 -21 3 -20 2 -19 3 -20 3 0 0 -18 4 -18 5 -17 4 -17 5 -16 5 -16 6 -15 6 -15 6 -15 6 -15 7 -14 7 -13 7 -12 8 -12 8 -12 9 -11 9 -11 9 -10 9 -11 9 -9 9 -9 9 -9 9 -9 9 -8 10 -8 9 -7 10 0 0 0 0 0 0 0 0 0 0 ]
CSI_DATA,STA,00:70:07:26:35:95,-65,11,1,2,1,1,1,0,0,0,0,-97,0,6,1,18759612,0,110,0,0,19.1405,384,[110 96 6 0 0 0 0 0 0 0 0 0 7 24 6 24 5 24 4 24 4 24 3 23 3 24 2 23 2 24 2 23 1 24 1 23 0 22 0 21 0 21 0 22 0 20 1 19 0 19 0 19 0 18 0 17 0 17 0 17 1 17 1 16 0 0 2 15 2 15 2 14 3 15 3 13 3 13 3 13 4 13 3 11 4 11 5 11 5 10 6 10 6 10 5 9 7 9 7 9 7 7 6 7 6 6 7 7 6 6 7 5 8 5 8 4 8 4 0 0 0 0 0 0 0 0 0 0 ]
CSI_DATA,STA,00:70:07:26:35:95,-64,11,1,2,1,1,1,0,0,0,0,-97,0,6,1,18852685,0,110,0,0,19.2336,384,[110 96 6 0 0 0 0 0 0 0 0 0 22 -15 22 -14 23 -14 23 -12 23 -12 23 -11 23 -11 23 -10 23 -9 22 -9 23 -9 23 -8 23 -7 22 -7 21 -7 22 -6 21 -6 20 -6 19 -6 20 -6 18 -6 18 -6 17 -6 17 -6 17 -6 16 -7 0 0 15 -7 15 -7 14 -7 14 -8 13 -7 13 -9 12 -8 11 -9 11 -9 11 -10 10 -10 9 -9 9 -10 9 -10 8 -10 8 -10 7 -10 6 -11 5 -11 5 -10 6 -11 5 -11 4 -11 4 -11 3 -11 2 -10 0 0 0 0 0 0 0 0 0 0 ]
CSI_DATA,STA,00:70:07:26:35:95,-64,11,1,2,1,1,1,0,0,0,0,-97,0,6,1,18937930,0,110,0,0,19.3186,384,[110 96 6 0 0 0 0 0 0 0 0 0 -13 -23 -12 -24 -11 -24 -10 -25 -9 -24 -9 -24 -8 -24 -7 -24 -7 -24 -6 -23 -6 -24 -6 -24 -5 -23 -5 -23 -4 -22 -4 -22 -4 -22 -3 -20 -3 -20 -3 -20 -3 -19 -3 -19 -3 -18 -4 -17 -4 -17 -4 -17 0 0 -4 -16 -5 -16 -4 -15 -5 -14 -5 -14 -6 -14 -5 -14 -6 -13 -6 -13 -8 -12 -7 -11 -8 -11 -7 -10 -8 -10 -8 -10 -8 -10 -8 -10 -9 -9 -9 -9 -9 -8 -9 -8 -9 -7 -9 -7 -10 -6 -10 -6 -10 -5 0 0 0 0 0 0 0 0 0 0 ]
CSI_DATA,STA,00:70:07:26:35:95,-66,11,1,4,1,1,1,0,0,0,0,-97,0,6,1,19022085,0,110,0,0,19.4029,384,[110 96 6 0 0 0 0 0 0 0 0 0 -5 -24 -4 -25 -3 -25 -2 -26 -2 -25 -1 -25 0 -24 0 -25 1 -24 0 -23 2 -24 2 -23 1 -23 2 -22 2 -21 2 -21 3 -21 2 -19 2 -20 2 -19 2 -19 2 -18 1 -17 1 -17 2 -17 1 -17 0 0 -1 -17 -1 -16 -1 -16 -1 -15 -2 -15 -2 -15 -2 -14 -3 -14 -3 -14 -4 -14 -5 -13 -5 -12 -5 -11 -5 -11 -5 -11 -6 -11 -6 -10 -7 -10 -7 -10 -7 -9 -7 -9 -8 -8 -7 -7 -8 -7 -9 -7 -8 -6 0 0 0 0 0 0 0 0 0 0 ]
CSI_DATA,STA,00:70:07:26:35:95,-65,11,1,2,1,1,1,0,0,0,0,-97,0,6,1,19114580,0,110,0,0,19.4955,384,[110 96 6 0 0 0 0 0 0 0 0 0 22 -2 23 -1 23 -1 23 0 23 0 23 1 23 2 21 2 22 2 21 2 22 3 21 3 21 3 20 3 19 3 19 4 18 4 17 4 17 3 18 3 16 3 17 3 15 3 16 3 15 3 15 2 0 0 14 1 13 2 13 1 12 0 12 0 12 -1 12 -2 11 -2 11 -1 12 -2 11 -3 10 -4 10 -3 10 -3 9 -5 10 -5 8 -5 8 -6 8 -6 8 -6 7 -6 7 -6 6 -6 6 -8 6 -8 5 -8 0 0 0 0 0 0 0 0 0 0 ]
CSI_DATA,STA,00:70:07:26:35:95,-66,11,1,2,1,1,1,0,0,0,0,-97,0,6,1,19212421,0,110,0,0,19.5933,384,[110 96 6 0 0 0 0 0 0 0 0 0 -1 -23 0 -23 1 -23 1 -23 2 -22 3 -23 4 -23 4 -22 5 -21 4 -20 5 -22 6 -21 5 -20 5 -19 5 -19 6 -19 5 -18 4 -17 6 -17 4 -17 4 -16 4 -16 4 -14 4 -15 4 -15 3 -15 0 0 2 -14 2 -13 2 -13 1 -12 1 -12 1 -12 0 -12 -1 -11 -1 -11 -1 -10 -1 -10 -2 -10 -3 -9 -3 -10 -3 -8 -3 -9 -4 -8 -5 -8 -5 -8 -6 -7 -5 -7 -6 -6 -6 -6 -7 -6 -6 -5 -7 -4 0 0 0 0 0 0 0 0 0 0 ]
CSI_DATA,STA,00:70:07:26:35:95,-68,11,1,4,1,1,1,0,0,0,0,-97,0,6,1,19294299,0,110,0,0,19.6752,384,[110 96 6 0 0 0 0 0 0 0 0 0 3 -21 5 -22 5 -21 6 -21 7 -20 6 -20 7 -20 7 -20 8 -19 7 -19 8 -19 8 -19 8 -18 8 -17 8 -16 8 -16 8 -16 7 -15 7 -15 7 -14 7 -14 6 -14 6 -13 6 -13 5 -13 4 -13 0 0 3 -12 3 -12 3 -12 2 -11 2 -10 2 -11 1 -10 0 -10 0 -9 -1 -9 -1 -9 -1 -9 -2 -9 -2 -9 -3 -9 -4 -9 -3 -8 -4 -7 -5 -7 -6 -7 -6 -8 -6 -7 -6 -7 -7 -5 -7 -5 -8 -5 0 0 0 0 0 0 0 0 0 0 ]
CSI_DATA,STA,00:70:07:26:35:95,-66,11,1,2,1,1,1,0,0,0,0,-97,0,6,1,19390711,0,110,0,0,19.7716,384,[110 96 6 0 0 0 0 0 0 0 0 0 11 -20 12 -20 13 -19 14 -19 13 -18 15 -19 14 -17 14 -17 15 -16 15 -16 15 -16 15 -15 15 -15 14 -14 14 -14 15 -14 14 -13 12 -12 13 -12 12 -12 11 -12 11 -12 10 -11 11 -11 10 -11 10 -12 0 0 8 -11 8 -11 7 -11 7 -10 6 -10 6 -11 5 -10 4 -10 4 -10 4 -9 3 -11 2 -10 2 -10 1 -10 1 -10 0 -10 0 -10 -1 -10 -1 -10 -2 -9 -3 -9 -3 -9 -4 -9 -4 -9 -5 -8 -5 -7 0 0 0 0 0 0 0 0 0 0 ]
CSI_DATA,STA,00:70:07:26:35:95,-65,11,1,2,1,1,1,0,0,0,0,-97,0,6,1,19499652,0,110,0,0,19.8805,384,[110 96 6 0 0 0 0 0 0 0 0 0 -24 -7 -23 -8 -23 -9 -23 -10 -22 -11 -22 -10 -22 -11 -21 -11 -20 -12 -20 -11 -20 -12 -20 -12 -18 -12 -18 -12 -18 -12 -17 -12 -17 -11 -16 -11 -16 -12 -16 -11 -15 -9 -15 -10 -14 -9 -14 -9 -14 -8 -15 -8 0 0 -14 -6 -14 -6 -13 -5 -13 -5 -13 -4 -13 -4 -13 -4 -13 -3 -12 -2 -14 -1 -13 -1 -12 0 -12 0 -12 1 -11 2 -12 2 -11 1 -11 3 -11 3 -11 4 -10 4 -10 5 -10 5 -10 6 -9 5 -9 6 0 0 0 0 0 0 0 0 0 0 ]
CSI_DATA,STA,00:70:07:26:35:95,-65,11,1,2,1,1,1,0,0,0,0,-97,0,6,1,19571966,0,110,0,0,19.9528,384,[110 96 6 0 0 0 0 0 0 0 0 0 -24 2 -25 2 -24 1 -26 0 -24 0 -25 -1 -25 -2 -24 -2 -23 -2 -22 -3 -23 -4 -23 -4 -22 -5 -21 -5 -21 -4 -20 -5 -21 -5 -18 -4 -20 -4 -18 -4 -19 -4 -18 -4 -16 -4 -16 -3 -16 -3 -17 -3 0 0 -15 -2 -14 -1 -15 -1 -14 -1 -14 -1 -13 0 -13 1 -12 1 -12 1 -12 3 -11 2 -11 2 -10 2 -10 4 -10 3 -9 5 -9 4 -9 5 -8 5 -8 6 -8 6 -7 6 -7 6 -6 6 -6 7 -6 7 0 0 0 0 0 0 0 0 0 0 ]
CSI_DATA,STA,00:70:07:26:35:95,-66,11,1,2,1,1,1,0,0,0,0,-97,0,6,1,19657994,0,110,0,0,20.0387,384,[110 96 6 0 0 0 0 0 0 0 0 0 6 20 6 21 5 21 4 21 3 21 3 21 3 21 2 20 1 20 1 20 0 21 0 20 -1 19 -1 19 -1 18 -1 18 -1 18 -2 17 -1 16 -1 16 -1 15 -1 15 -1 14 -1 14 0 14 1 13 0 0 0 12 1 12 1 12 1 11 2 11 2 10 2 10 3 9 4 9 4 8 4 9 4 8 4 7 5 7 5 7 5 7 6 5 7 5 6 5 7 3 7 4 7 4 7 3 8 3 7 2 8 2 0 0 0 0 0 0 0 0 0 0 ]
CSI_DATA,STA,00:70:07:26:35:95,-65,11,1,2,1,1,1,0,0,0,0,-97,0,6,1,19746663,0,110,0,0,20.1275,384,[110 96 6 0 0 0 0 0 0 0 0 0 18 -10 19 -9 19 -8 19 -8 19 -7 21 -7 20 -5 20 -5 19 -4 18 -5 20 -4 19 -4 19 -4 18 -3 17 -3 18 -3 17 -2 16 -2 16 -3 15 -2 15 -2 14 -2 14 -2 13 -3 13 -3 14 -3 0 0 12 -3 12 -3 11 -4 11 -4 11 -4 11 -5 10 -5 9 -5 9 -6 9 -7 9 -7 7 -6 7 -7 7 -7 7 -8 7 -8 6 -8 7 -9 6 -9 6 -9 5 -9 5 -9 3 -9 4 -9 3 -9 3 -10 0 0 0 0 0 0 0 0 0 0 ]
CSI_DATA,STA,00:70:07:26:35:95,-66,11,1,2,1,1,1,0,0,0,0,-96,0,6,1,19841691,0,110,0,0,20.2226,384,[110 96 6 0 0 0 0 0 0 0 0 0 0 23 -1 24 -1 23 -2 24 -2 23 -4 24 -4 23 -5 23 -5 22 -5 21 -6 21 -6 22 -6 21 -7 19 -6 20 -6 20 -6 19 -6 17 -6 18 -5 17 -6 16 -5 16 -4 15 -5 15 -5 15 -4 15 0 0 -3 14 -3 14 -3 14 -2 13 -2 13 -1 12 -1 11 1 11 0 11 0 11 1 11 1 10 2 10 2 10 3 10 3 10 4 9 4 9 4 8 5 7 5 7 5 6 5 6 6 6 6 6 6 5 0 0 0 0 0 0 0 0 0 0 ]
CSI_DATA,STA,00:70:07:26:35:95,-67,11,1,2,1,1,1,0,0,0,0,-96,0,6,1,19924736,0,110,0,0,20.3056,384,[110 96 6 0 0 0 0 0 0 0 0 0 8 -22 10 -22 10 -21 11 -21 11 -20 11 -20 11 -19 12 -19 12 -18 12 -17 13 -18 13 -17 12 -16 11 -16 12 -15 12 -15 11 -15 10 -14 10 -14 10 -13 10 -13 9 -13 8 -12 8 -12 8 -12 7 -12 0 0 6 -13 6 -12 5 -13 4 -11 4 -11 3 -11 3 -10 1 -11 2 -11 1 -12 0 -11 0 -9 -1 -9 -1 -10 -1 -9 -3 -10 -3 -9 -4 -9 -4 -8 -5 -8 -5 -8 -5 -7 -6 -7 -6 -7 -6 -6 -7 -6 0 0 0 0 0 0 0 0 0 0 ]
CSI_DATA,STA,00:70:07:26:35:95,-67,11,1,2,1,1,1,0,0,0,0,-96,0,6,1,20015955,0,110,0,0,20.3968,384,[110 96 6 0 0 0 0 0 0 0 0 0 22 -9 22 -8 22 -7 23 -6 22 -6 23 -5 23 -3 22 -3 22 -3 21 -3 22 -3 21 -2 21 -2 20 -2 20 -2 19 -1 19 -1 18 -1 17 -1 17 -1 17 -2 16 -1 15 -2 15 -2 15 -2 14 -2 0 0 14 -2 13 -3 12 -3 11 -4 11 -4 11 -5 11 -5 9 -6 9 -5 10 -7 8 -7 7 -7 7 -7 7 -8 7 -8 6 -8 5 -8 5 -9 5 -9 4 -9 3 -9 3 -9 2 -9 2 -10 1 -10 0 -10 0 0 0 0 0 0 0 0 0 0 ]
CSI_DATA,STA,00:70:07:26:35:95,-66,11,1,2,1,1,1,0,0,0,0,-96,0,6,1,20104406,0,110,0,0,20.4853,384,[110 96 6 0 0 0 0 0 0 0 0 0 22 -5 22 -4 23 -4 22 -3 22 -2 22 -1 23 -1 22 0 22 0 20 1 22 2 20 2 20 2 20 2 19 2 19 2 19 2 17 2 17 2 17 2 16 2 16 2 15 1 15 1 14 1 15 1 0 0 14 0 14 0 13 0 12 -1 12 -1 12 -2 11 -2 10 -3 11 -3 10 -5 11 -5 9 -4 10 -4 9 -5 9 -5 9 -6 8 -6 8 -7 8 -7 7 -7 7 -7 6 -8 6 -8 6 -9 6 -9 4 -9 0 0 0 0 0 0 0 0 0 0 ]
CSI_DATA,STA,00:70:07:26:35:95,-66,11,1,2,1,1,1,0,0,0,0,-96,0,6,1,20198664,0,110,0,0,20.5796,384,[110 96 6 0 0 0 0 0 0 0 0 0 -18 13 -19 12 -18 11 -20 11 -19 10 -19 10 -20 8 -19 7 -20 7 -20 7 -20 7 -20 6 -19 6 -19 6 -18 5 -18 5 -18 5 -17 5 -17 5 -17 4 -16 3 -15 4 -15 4 -15 4 -14 4 -14 5 0 0 -13 4 -12 5 -12 5 -11 5 -11 5 -10 5 -10 6 -9 6 -9 6 -9 8 -8 8 -7 7 -7 7 -6 7 -6 7 -6 8 -5 7 -4 8 -5 8 -3 8 -4 8 -4 8 -3 8 -1 9 -1 9 -1 9 0 0 0 0 0 0 0 0 0 0 ]
CSI_DATA,STA,00:70:07:26:35:95,-68,11,1,4,1,1,1,0,0,0,0,-96,0,6,1,20287515,0,110,0,0,20.6684,384,[110 96 6 0 0 0 0 0 0 0 0 0 7 20 6 20 6 21 5 21 4 21 4 21 4 21 3 20 2 20 2 20 1 20 1 20 1 19 1 19 0 18 0 18 -1 18 -1 16 -1 17 0 16 0 15 0 15 0 15 0 14 0 14 1 13 0 0 1 13 1 12 2 12 2 11 2 10 2 10 3 10 3 9 3 9 3 10 3 9 4 8 5 7 5 7 5 7 6 7 6 6 6 5 6 6 6 4 7 4 6 4 7 3 8 3 8 3 8 2 0 0 0 0 0 0 0 0 0 0 ]
CSI_DATA,STA,00:70:07:26:35:95,-67,11,1,2,1,1,1,0,0,0,0,-96,0,6,1,20388874,0,110,0,0,20.7698,384,[110 96 6 0 0 0 0 0 0 0 0 0 -23 -5 -23 -6 -22 -7 -22 -8 -22 -8 -22 -9 -21 -10 -21 -9 -20 -10 -20 -10 -19 -11 -19 -11 -18 -11 -18 -11 -17 -10 -18 -10 -17 -10 -16 -10 -16 -9 -16 -10 -15 -9 -15 -9 -14 -8 -14 -8 -14 -8 -14 -7 0 0 -13 -7 -12 -6 -13 -6 -13 -5 -12 -4 -13 -4 -12 -4 -12 -2 -11 -3 -12 -3 -12 -1 -12 -1 -11 0 -11 1 -11 1 -11 2 -11 2 -11 3 -10 3 -10 4 -10 4 -10 4 -10 5 -10 6 -9 5 -9 6 0 0 0 0 0 0 0 0 0 0 ]
CSI_DATA,STA,00:70:07:26:35:95,-66,11,1,2,1,1,1,0,0,0,0,-96,0,6,1,20478659,0,110,0,0,20.8594,384,[110 96 6 0 0 0 0 0 0 0 0 0 18 14 18 15 17 16 17 16 16 16 15 17 15 17 15 17 13 17 13 16 12 18 13 18 12 17 11 17 11 17 10 17 10 17 9 14 9 15 9 14 9 14 9 14 8 13 8 13 8 13 9 12 0 0 8 11 9 10 8 10 8 8 8 9 8 8 8 8 9 6 9 6 9 4 9 5 8 5 9 4 9 4 9 3 9 3 9 2 10 1 9 1 9 0 9 0 8 0 9 -1 9 -2 8 -2 8 -3 0 0 0 0 0 0 0 0 0 0 ]
CSI_DATA,STA,00:70:07:26:35:95,-62,11,0,0,0,0,0,0,0,0,0,-96,0,6,1,20656455,0,110,0,0,21.0375,128,[110 96 6 0 0 0 0 0 0 0 0 0 -15 -32 -13 -33 -13 -34 -12 -34 -10 -34 -9 -34 -8 -33 -6 -33 -6 -33 -5 -32 -5 -33 -5 -32 -4 -32 -5 -31 -3 -29 -3 -30 -3 -29 -3 -26 -3 -27 -2 -26 -2 -25 -3 -25 -3 -23 -4 -24 -4 -23 -4 -22 0 0 -6 -21 -6 -21 -6 -20 -7 -17 -7 -18 -7 -18 -7 -17 -8 -16 -9 -15 -10 -15 -9 -15 -10 -13 -11 -12 -10 -12 -11 -11 -12 -11 -12 -10 -12 -9 -12 -10 -12 -8 -13 -7 -14 -6 -13 -6 -14 -5 -14 -4 -14 -3 0 0 0 0 0 0 0 0 0 0 ]
CSI_DATA,STA,00:70:07:26:35:95,-67,11,1,2,1,1,1,0,0,0,0,-96,0,6,1,20833258,0,110,0,0,21.2142,384,[110 96 6 0 0 0 0 0 0 0 0 0 21 3 23 5 21 5 22 6 20 6 21 7 20 9 19 8 19 9 18 9 19 9 18 9 18 9 17 9 17 9 16 10 16 9 14 8 15 9 14 8 14 8 13 8 13 6 13 7 12 6 13 6 0 0 12 5 11 4 12 4 11 4 11 3 12 3 11 3 11 2 10 1 9 1 10 1 9 0 10 -1 10 -1 9 -2 10 -2 9 -3 9 -3 9 -3 9 -5 8 -4 8 -4 8 -5 8 -6 7 -6 7 -7 0 0 0 0 0 0 0 0 0 0 ]
CSI_DATA,STA,00:70:07:26:35:95,-66,11,1,2,1,1,1,0,0,0,0,-96,0,6,1,20916701,0,110,0,0,21.2976,384,[110 96 6 0 0 0 0 0 0 0 0 0 -3 22 -3 23 -5 22 -5 22 -6 22 -7 22 -7 21 -7 20 -8 20 -8 19 -8 20 -9 19 -8 19 -9 18 -8 17 -9 17 -8 17 -8 16 -8 15 -8 16 -7 15 -7 15 -6 14 -7 14 -6 13 -6 14 0 0 -5 13 -4 13 -4 13 -3 12 -3 12 -2 11 -2 11 -2 12 -1 11 -1 10 0 10 0 10 0 10 1 11 1 10 2 10 3 9 4 9 3 9 4 8 5 8 4 8 6 8 5 8 7 7 7 7 0 0 0 0 0 0 0 0 0 0 ]
CSI_DATA,STA,00:70:07:26:35:95,-66,11,1,2,1,1,1,0,0,0,0,-96,0,6,1,21014360,0,110,0,0,21.3953,384,[110 96 6 0 0 0 0 0 0 0 0 0 13 -21 14 -20 14 -19 15 -19 15 -18 15 -18 16 -17 16 -17 17 -16 16 -15 17 -15 16 -15 16 -14 16 -14 15 -13 15 -12 16 -12 14 -12 14 -12 14 -11 14 -11 13 -11 12 -10 12 -10 12 -10 12 -11 0 0 10 -11 10 -11 10 -10 8 -10 8 -10 8 -11 7 -11 6 -10 6 -11 4 -12 4 -12 4 -10 3 -11 3 -12 3 -11 2 -12 2 -11 1 -11 1 -12 0 -11 0 -11 -1 -11 -2 -11 -2 -11 -2 -11 -3 -10 0 0 0 0 0 0 0 0 0 0 ]
CSI_DATA,STA,00:70:07:26:35:95,-68,11,1,4,1,1,1,0,0,0,0,-96,0,6,1,21108267,0,110,0,0,21.489,384,[110 96 6 0 0 0 0 0 0 0 0 0 22 -2 22 -2 21 -1 22 0 22 0 22 1 22 2 21 2 20 3 19 2 20 3 20 4 19 4 19 4 17 3 18 5 18 4 17 4 17 4 16 4 16 3 16 3 14 3 14 3 15 3 14 2 0 0 13 2 12 1 13 2 12 0 12 -1 12 0 11 0 11 -2 11 -1 10 -1 10 -3 9 -3 10 -3 9 -3 8 -4 9 -4 8 -5 9 -6 8 -6 7 -6 8 -6 7 -6 6 -7 6 -8 5 -8 5 -8 0 0 0 0 0 0 0 0 0 0 ]
CSI_DATA,STA,00:70:07:26:35:95,-67,11,1,2,1,1,1,0,0,0,0,-96,0,6,1,21182264,0,110,0,0,21.5629,384,[110 96 6 0 0 0 0 0 0 0 0 0 12 19 12 20 11 21 10 21 9 21 9 21 8 21 8 20 7 21 6 20 5 21 6 21 5 20 5 20 4 19 4 19 4 19 3 17 4 17 4 17 4 16 3 16 3 14 3 15 3 14 4 14 0 0 4 13 4 12 4 12 5 11 5 11 5 11 5 10 6 9 5 10 6 10 6 9 6 8 7 8 7 7 7 6 7 7 8 6 8 5 8 5 8 5 8 3 8 3 8 3 8 2 8 2 8 1 0 0 0 0 0 0 0 0 0 0 ]
CSI_DATA,STA,00:70:07:26:35:95,-66,11,1,2,1,1,1,0,0,0,0,-96,0,6,1,21285607,0,110,0,0,21.6665,384,[110 96 6 0 0 0 0 0 0 0 0 0 -16 -15 -15 -16 -15 -16 -14 -17 -14 -17 -13 -17 -13 -17 -12 -17 -12 -18 -11 -17 -11 -18 -11 -17 -11 -18 -10 -17 -10 -17 -10 -17 -9 -16 -8 -16 -9 -16 -9 -14 -8 -14 -8 -14 -8 -13 -8 -13 -8 -13 -9 -12 0 0 -9 -11 -8 -11 -9 -11 -9 -10 -9 -9 -9 -9 -8 -8 -9 -8 -9 -7 -9 -7 -11 -5 -9 -5 -9 -5 -10 -4 -10 -4 -10 -4 -10 -4 -10 -3 -10 -3 -10 -1 -10 -1 -10 -1 -9 0 -10 0 -10 1 -10 1 0 0 0 0 0 0 0 0 0 0 ]
CSI_DATA,STA,00:70:07:26:35:95,-62,11,0,0,0,0,0,0,0,0,0,-96,0,6,1,21376798,0,110,0,0,21.7578,128,[110 96 6 0 0 0 0 0 0 0 0 0 -31 14 -32 13 -34 12 -35 12 -32 10 -33 9 -33 8 -32 6 -32 6 -32 5 -33 6 -32 6 -31 5 -30 4 -29 4 -30 3 -29 3 -26 3 -26 3 -26 2 -24 3 -24 3 -22 3 -24 4 -23 5 -22 4 0 0 -21 5 -20 5 -20 7 -19 6 -18 7 -18 7 -17 7 -16 8 -15 9 -15 10 -15 10 -14 9 -13 11 -12 10 -12 11 -12 12 -11 12 -10 12 -9 13 -9 12 -8 13 -8 13 -6 13 -6 15 -5 15 -4 15 0 0 0 0 0 0 0 0 0 0 ]
CSI_DATA,STA,00:70:07:26:35:95,-67,11,1,2,1,1,1,0,0,0,0,-96,0,6,1,21455583,0,110,0,0,21.8365,384,[110 96 6 0 0 0 0 0 0 0 0 0 -9 -22 -9 -23 -7 -23 -7 -23 -6 -22 -6 -24 -5 -23 -4 -23 -4 -22 -4 -21 -3 -23 -3 -22 -3 -22 -2 -21 -3 -20 -2 -20 -2 -19 -2 -18 -2 -19 -2 -18 -3 -17 -2 -17 -2 -15 -2 -16 -2 -16 -3 -16 0 0 -4 -14 -3 -13 -4 -13 -5 -11 -5 -12 -5 -11 -5 -11 -6 -10 -6 -9 -5 -9 -7 -9 -6 -8 -7 -8 -8 -7 -7 -6 -8 -7 -8 -5 -8 -5 -9 -5 -9 -4 -8 -3 -9 -2 -9 -2 -10 -1 -8 -1 -10 -1 0 0 0 0 0 0 0 0 0 0 ]
CSI_DATA,STA,00:70:07:26:35:95,-66,11,1,2,1,1,1,0,0,0,0,-96,0,6,1,21550028,0,110,0,0,21.9309,384,[110 96 6 0 0 0 0 0 0 0 0 0 3 23 3 24 1 22 0 24 -1 23 -1 23 -2 22 -2 22 -3 22 -3 21 -3 22 -3 22 -4 21 -4 20 -4 20 -5 19 -5 19 -4 17 -4 18 -4 17 -4 16 -4 17 -3 16 -4 15 -3 15 -3 16 0 0 -2 14 -2 14 -1 14 0 13 -1 12 1 13 1 11 1 11 1 11 1 10 3 11 3 10 3 10 4 10 4 9 4 10 4 8 6 8 6 8 6 7 7 7 7 7 7 5 7 6 7 5 8 5 0 0 0 0 0 0 0 0 0 0 ]
CSI_DATA,STA,00:70:07:26:35:95,-67,11,1,2,1,1,1,0,0,0,0,-96,0,6,1,21631792,0,110,0,0,22.0126,384,[110 96 6 0 0 0 0 0 0 0 0 0 18 -9 18 -9 18 -8 19 -7 18 -6 18 -6 18 -6 18 -5 18 -5 17 -4 19 -4 18 -4 18 -3 16 -3 16 -3 17 -3 16 -2 15 -2 15 -3 14 -3 14 -3 14 -2 12 -3 13 -3 13 -3 12 -3 0 0 11 -4 11 -4 11 -4 10 -5 10 -4 10 -5 9 -5 9 -5 8 -6 6 -7 8 -7 6 -6 7 -7 7 -7 6 -8 6 -8 6 -8 6 -9 5 -9 4 -9 5 -9 3 -9 3 -10 3 -10 2 -10 2 -10 0 0 0 0 0 0 0 0 0 0 ]
CSI_DATA,STA,00:70:07:26:35:95,-68,11,1,4,1,1,1,0,0,0,0,-96,0,6,1,21721209,0,110,0,0,22.1021,384,[110 96 6 0 0 0 0 0 0 0 0 0 11 20 11 20 10 20 9 21 9 20 7 20 7 21 6 21 6 20 5 20 6 21 5 20 5 20 3 19 3 19 4 19 4 18 4 17 4 17 3 16 2 16 3 15 3 15 4 15 3 15 4 14 0 0 4 13 4 12 5 11 5 12 5 10 5 10 5 10 6 10 6 9 6 7 7 8 6 7 8 7 8 7 8 6 8 5 9 5 9 5 9 4 9 4 9 4 9 3 10 2 10 1 9 1 9 1 0 0 0 0 0 0 0 0 0 0 ]
CSI_DATA,STA,00:70:07:26:35:95,-63,11,0,0,0,0,0,0,0,0,0,-96,0,6,1,21822934,0,110,0,0,22.204,128,[110 96 6 0 0 0 0 0 0 0 0 0 -35 4 -43 7 -31 -2 -27 4 -27 -19 -28 -11 -27 -10 -34 -7 -32 -2 -39 -12 -26 -4 -36 5 -31 -14 -26 -13 -27 -20 -36 -8 -29 -12 -26 2 -22 -14 -14 1 -10 -4 -17 -12 -18 -8 -18 0 -19 1 -16 2 0 0 -16 1 -18 1 -16 3 -16 3 -15 2 -13 4 -14 4 -13 5 -12 6 -11 6 -12 6 -10 7 -10 7 -9 7 -9 8 -7 9 -7 10 -6 9 -6 9 -4 9 -4 10 -3 10 -3 11 -2 11 -1 11 -1 10 0 0 0 0 0 0 0 0 0 0 ]
CSI_DATA,STA,00:70:07:26:35:95,-61,11,0,0,0,0,0,0,0,0,0,-96,0,6,1,21912546,0,110,0,0,22.2934,128,[110 96 6 0 0 0 0 0 0 0 0 0 -34 -4 -34 -4 -34 -6 -34 -6 -33 -7 -33 -8 -32 -10 -30 -10 -30 -11 -30 -11 -31 -11 -30 -12 -29 -12 -28 -12 -26 -11 -27 -12 -26 -12 -24 -10 -24 -10 -23 -11 -22 -10 -22 -10 -21 -9 -22 -9 -22 -8 -21 -8 0 0 -20 -6 -20 -6 -20 -5 -19 -4 -18 -3 -18 -3 -18 -3 -17 -2 -17 -1 -16 -1 -17 0 -16 1 -15 1 -15 2 -15 2 -15 3 -15 4 -14 4 -14 4 -13 5 -13 6 -12 7 -12 7 -12 8 -11 8 -10 9 0 0 0 0 0 0 0 0 0 0 ]
CSI_DATA,STA,00:70:07:26:35:95,-66,11,1,2,1,1,1,0,0,0,0,-96,0,6,1,22030362,0,110,0,0,22.4113,384,[110 96 6 0 0 0 0 0 0 0 0 0 5 22 4 23 2 22 2 24 1 22 1 23 0 22 -1 22 -1 22 -2 21 -2 22 -2 21 -2 21 -3 20 -3 20 -4 19 -4 20 -3 17 -3 18 -3 17 -3 16 -3 16 -2 15 -3 15 -3 15 -1 15 0 0 -2 15 -1 14 -1 14 0 13 0 13 1 12 1 12 1 11 2 11 2 10 2 11 3 10 3 10 4 10 4 9 5 10 4 9 6 8 6 8 6 7 7 7 6 7 7 6 8 6 8 6 8 6 0 0 0 0 0 0 0 0 0 0 ]
CSI_DATA,STA,00:70:07:26:35:95,-66,11,1,2,1,1,1,0,0,0,0,-96,0,6,1,22106850,0,110,0,0,22.4874,384,[110 96 6 0 0 0 0 0 0 0 0 0 3 -22 4 -22 4 -21 5 -22 6 -21 7 -21 7 -21 7 -20 8 -20 8 -18 9 -20 9 -19 9 -18 8 -18 8 -17 9 -17 8 -16 7 -15 8 -16 7 -15 7 -14 7 -15 6 -14 6 -14 6 -14 6 -14 0 0 5 -14 4 -13 4 -13 3 -13 3 -13 2 -12 2 -12 1 -12 1 -12 1 -11 0 -12 0 -12 -1 -11 -1 -12 -2 -11 -3 -11 -2 -11 -4 -11 -3 -11 -4 -10 -5 -10 -5 -10 -5 -10 -6 -10 -6 -9 -7 -9 0 0 0 0 0 0 0 0 0 0 ]
CSI_DATA,STA,00:70:07:26:35:95,-68,11,1,4,1,1,1,0,0,0,0,-96,0,6,1,22190317,0,110,0,0,22.5712,384,[110 96 6 0 0 0 0 0 0 0 0 0 21 -11 22 -10 22 -10 22 -9 22 -9 23 -8 22 -8 22 -6 22 -7 21 -5 22 -5 22 -4 22 -4 21 -3 20 -4 20 -4 20 -3 18 -3 19 -3 18 -4 17 -4 17 -4 16 -3 16 -4 16 -3 16 -5 0 0 14 -5 14 -5 14 -5 12 -6 12 -6 11 -7 11 -7 11 -7 10 -7 9 -7 9 -8 8 -8 9 -9 8 -9 7 -9 7 -10 6 -10 7 -11 5 -11 5 -11 5 -11 4 -10 4 -11 4 -11 2 -11 2 -12 0 0 0 0 0 0 0 0 0 0 ]
CSI_DATA,STA,00:70:07:26:35:95,-63,11,0,0,0,0,0,0,0,0,0,-96,0,6,1,22280749,0,110,0,0,22.6617,128,[110 96 6 0 0 0 0 0 0 0 0 0 -32 -5 -32 -7 -32 -8 -34 -8 -30 -9 -31 -10 -30 -11 -28 -11 -28 -12 -26 -12 -28 -13 -27 -13 -26 -14 -25 -12 -24 -13 -24 -12 -23 -12 -22 -11 -21 -11 -21 -11 -20 -10 -20 -10 -18 -9 -20 -9 -20 -9 -19 -8 0 0 -18 -6 -18 -6 -19 -5 -17 -4 -17 -3 -17 -3 -16 -2 -16 -1 -16 0 -17 0 -17 0 -15 1 -15 2 -15 2 -14 3 -15 4 -15 4 -14 5 -14 5 -14 6 -13 7 -13 8 -13 8 -13 9 -12 10 -12 10 0 0 0 0 0 0 0 0 0 0 ]
CSI_DATA,STA,00:70:07:26:35:95,-61,11,0,0,0,0,0,0,0,0,0,-96,0,6,1,22364531,0,110,0,0,22.7455,128,[110 96 6 0 0 0 0 0 0 0 0 0 -32 -15 -31 -16 -32 -17 -32 -19 -29 -19 -29 -19 -28 -20 -27 -20 -26 -21 -25 -21 -26 -21 -25 -21 -24 -21 -24 -20 -22 -20 -22 -21 -21 -20 -19 -18 -20 -19 -19 -18 -19 -17 -18 -17 -17 -15 -19 -15 -19 -15 -19 -15 0 0 -18 -13 -18 -13 -18 -12 -17 -10 -17 -10 -17 -9 -17 -9 -17 -8 -16 -7 -16 -8 -17 -6 -16 -5 -16 -4 -16 -3 -16 -3 -16 -3 -16 -2 -15 -1 -16 -1 -15 -1 -15 1 -15 1 -15 2 -15 2 -14 3 -13 4 0 0 0 0 0 0 0 0 0 0 ]
CSI_DATA,STA,00:70:07:26:35:95,-66,11,1,2,1,1,1,0,0,0,0,-96,0,6,1,22460836,0,110,0,0,22.8417,384,[110 96 6 0 0 0 0 0 0 0 0 0 3 -22 4 -21 6 -21 7 -21 7 -20 7 -21 8 -19 7 -19 9 -18 8 -17 9 -18 9 -18 9 -17 9 -16 9 -15 9 -16 9 -15 8 -14 8 -14 8 -14 7 -14 7 -13 7 -13 6 -13 6 -13 6 -13 0 0 5 -12 5 -12 4 -12 3 -11 3 -11 2 -12 2 -11 1 -11 1 -11 -1 -12 -1 -11 -2 -10 -1 -10 -2 -10 -2 -10 -3 -10 -3 -10 -3 -10 -4 -10 -4 -10 -5 -9 -5 -9 -5 -8 -6 -9 -6 -8 -7 -8 0 0 0 0 0 0 0 0 0 0 ]
CSI_DATA,STA,00:70:07:26:35:95,-67,11,1,2,1,1,1,0,0,0,0,-96,0,6,1,22542036,0,110,0,0,22.9229,384,[110 96 6 0 0 0 0 0 0 0 0 0 -16 -15 -16 -16 -15 -16 -15 -17 -14 -17 -14 -18 -13 -17 -12 -18 -13 -18 -11 -17 -12 -18 -12 -18 -11 -17 -10 -17 -10 -16 -9 -16 -9 -17 -9 -14 -9 -15 -9 -14 -9 -14 -8 -13 -8 -12 -9 -12 -8 -13 -9 -12 0 0 -8 -10 -8 -10 -9 -9 -8 -9 -9 -8 -10 -8 -9 -7 -9 -6 -9 -7 -10 -6 -10 -4 -10 -3 -10 -4 -10 -3 -9 -3 -10 -3 -10 -2 -10 -1 -10 0 -10 0 -10 0 -10 1 -10 1 -10 2 -9 2 -10 3 0 0 0 0 0 0 0 0 0 0 ]
CSI_DATA,STA,00:70:07:26:35:95,-67,11,1,2,1,1,1,0,0,0,0,-96,0,6,1,22622406,0,110,0,0,23.003,384,[110 96 6 0 0 0 0 0 0 0 0 0 -10 21 -12 21 -12 19 -14 20 -13 19 -14 19 -14 18 -14 18 -14 18 -14 16 -15 17 -14 16 -15 16 -14 14 -14 14 -14 15 -14 14 -12 13 -12 13 -12 13 -11 12 -11 12 -10 12 -10 12 -10 11 -9 12 0 0 -9 11 -7 11 -7 11 -6 10 -6 10 -6 10 -6 10 -4 10 -4 9 -4 9 -2 10 -2 9 -1 9 -1 9 0 9 0 9 1 8 1 8 2 7 2 8 2 7 2 7 4 6 4 7 4 6 5 5 0 0 0 0 0 0 0 0 0 0 ]
CSI_DATA,STA,00:70:07:26:35:95,-67,11,1,2,1,1,1,0,0,0,0,-96,0,6,1,22716526,0,110,0,0,23.0974,384,[110 96 6 0 0 0 0 0 0 0 0 0 9 -18 11 -18 12 -18 12 -18 12 -17 13 -16 13 -16 13 -15 13 -15 13 -14 14 -15 13 -14 13 -14 12 -13 12 -12 13 -12 12 -11 11 -11 11 -11 11 -11 11 -11 10 -10 10 -10 10 -10 9 -10 8 -11 0 0 7 -10 7 -10 7 -10 6 -10 6 -11 5 -10 5 -9 4 -10 4 -10 4 -10 3 -10 1 -10 1 -10 1 -11 1 -9 1 -10 -1 -11 -2 -10 -1 -10 -2 -10 -2 -9 -2 -9 -3 -10 -4 -10 -4 -9 -4 -9 0 0 0 0 0 0 0 0 0 0 ]
CSI_DATA,STA,00:70:07:26:35:95,-70,11,1,4,1,1,1,0,0,0,0,-96,0,6,1,22804354,0,110,0,0,23.1852,384,[110 96 6 0 0 0 0 0 0 0 0 0 -19 3 -19 2 -19 2 -21 1 -18 0 -19 -1 -19 0 -18 -1 -18 -1 -17 -2 -17 -2 -17 -2 -17 -2 -16 -3 -15 -2 -15 -3 -15 -2 -14 -2 -14 -1 -13 -1 -13 -1 -12 -2 -11 -1 -11 -1 -11 -1 -11 -1 0 0 -10 0 -10 0 -10 0 -9 1 -9 1 -8 2 -8 2 -8 2 -7 2 -6 2 -7 4 -6 3 -6 4 -6 4 -5 4 -5 5 -4 5 -3 5 -4 5 -4 6 -3 6 -2 6 -2 6 -1 7 -1 7 -1 7 0 0 0 0 0 0 0 0 0 0 ]
CSI_DATA,STA,00:70:07:26:35:95,-67,11,1,4,1,1,1,0,0,0,0,-96,0,6,1,22895028,0,110,0,0,23.2759,384,[110 96 6 0 0 0 0 0 0 0 0 0 -18 15 -19 14 -20 14 -20 14 -20 13 -21 12 -21 11 -21 11 -20 9 -20 9 -21 9 -21 9 -21 9 -20 8 -19 8 -19 8 -19 8 -17 7 -18 6 -17 6 -17 5 -17 6 -15 7 -15 6 -15 6 -15 6 0 0 -13 7 -12 7 -12 6 -11 7 -11 7 -11 8 -10 7 -10 8 -8 8 -7 8 -8 8 -7 8 -8 9 -7 9 -6 9 -6 9 -5 9 -5 9 -5 10 -3 10 -3 10 -2 9 -2 10 -1 11 -1 10 0 10 0 0 0 0 0 0 0 0 0 0 ]
CSI_DATA,STA,00:70:07:26:35:95,-67,11,1,2,1,1,1,0,0,0,0,-96,0,6,1,22984776,0,110,0,0,23.3656,384,[110 96 6 0 0 0 0 0 0 0 0 0 18 -5 18 -4 19 -4 18 -3 19 -3 18 -2 18 -1 17 -1 17 0 17 0 17 0 16 1 16 1 15 1 15 1 15 1 15 1 14 1 13 1 13 1 13 1 13 1 12 0 12 0 12 0 12 -1 0 0 11 -1 11 -1 11 -1 10 -2 9 -2 10 -3 9 -3 8 -4 10 -3 9 -4 9 -5 8 -4 7 -4 8 -5 8 -5 7 -6 7 -7 7 -7 7 -7 6 -8 6 -8 7 -8 5 -8 6 -9 6 -9 5 -9 0 0 0 0 0 0 0 0 0 0 ]
CSI_DATA,STA,00:70:07:26:35:95,-62,11,0,0,0,0,0,0,0,0,0,-96,0,6,1,23081471,0,110,0,0,23.4625,128,[110 96 6 0 0 0 0 0 0 0 0 0 -13 -8 -25 20 -23 26 -36 11 -8 31 -7 29 -30 14 -3 16 -27 13 -27 22 -13 9 -27 16 -22 7 -28 16 -19 1 -26 5 -26 -2 -21 1 -22 2 -24 -2 -21 -1 -21 -3 -19 -2 -20 -2 -19 -3 -18 -4 0 0 -17 -4 -16 -5 -18 -5 -15 -5 -15 -5 -15 -5 -14 -5 -14 -5 -13 -5 -12 -5 -14 -5 -12 -4 -13 -4 -14 -4 -11 -4 -13 -4 -12 -4 -12 -4 -13 -4 -12 -4 -12 -3 -12 -3 -11 -2 -12 -3 -11 -2 -12 -2 0 0 0 0 0 0 0 0 0 0 ]
CSI_DATA,STA,00:70:07:26:35:95,-62,11,0,0,0,0,0,0,0,0,0,-96,0,6,1,23178148,0,110,0,0,23.5591,128,[110 96 6 0 0 0 0 0 0 0 0 0 -29 -9 -29 -10 -29 -11 -29 -12 -27 -13 -27 -12 -26 -14 -25 -14 -25 -15 -24 -14 -25 -15 -24 -15 -24 -15 -23 -15 -21 -14 -22 -14 -21 -14 -19 -12 -19 -13 -18 -13 -18 -12 -18 -12 -17 -11 -18 -11 -19 -10 -18 -10 0 0 -17 -8 -17 -8 -17 -8 -16 -6 -16 -5 -16 -6 -15 -5 -15 -5 -15 -4 -15 -4 -16 -3 -14 -1 -14 -1 -14 -1 -14 0 -15 0 -13 1 -13 1 -13 1 -13 3 -12 3 -12 3 -12 4 -12 4 -11 5 -11 5 0 0 0 0 0 0 0 0 0 0 ]
CSI_DATA,STA,00:70:07:26:35:95,-67,11,1,2,1,1,1,0,0,0,0,-96,0,6,1,23258228,0,110,0,0,23.6391,384,[110 96 6 0 0 0 0 0 0 0 0 0 21 6 20 5 20 8 20 10 18 8 19 9 17 9 17 10 18 10 16 10 17 11 16 10 15 11 15 10 15 10 14 10 14 10 12 9 13 10 12 9 13 8 12 8 12 8 11 7 12 8 12 7 0 0 11 7 11 6 11 5 11 4 10 5 11 4 11 3 11 3 11 2 11 1 10 1 11 1 10 1 11 0 11 -1 11 -1 11 -1 10 -2 11 -2 10 -3 11 -3 9 -4 11 -4 11 -5 10 -5 10 -5 0 0 0 0 0 0 0 0 0 0 ]
CSI_DATA,STA,00:70:07:26:35:95,-67,11,1,2,1,1,1,0,0,0,0,-96,0,6,1,23343286,0,110,0,0,23.7239,384,[110 96 6 0 0 0 0 0 0 0 0 0 -16 13 -17 13 -17 12 -18 11 -17 11 -19 10 -18 10 -18 8 -19 9 -18 8 -19 7 -19 7 -18 7 -18 6 -17 6 -18 6 -17 5 -15 5 -16 5 -16 5 -15 5 -15 5 -14 4 -13 4 -14 5 -14 5 0 0 -12 5 -12 5 -11 6 -11 6 -10 6 -10 5 -9 6 -8 6 -9 6 -7 8 -7 7 -7 7 -6 7 -6 7 -6 7 -5 8 -4 8 -4 9 -4 8 -3 8 -3 8 -2 9 -2 8 -1 8 -1 9 0 9 0 0 0 0 0 0 0 0 0 0 ]
CSI_DATA,STA,00:70:07:26:35:95,-66,11,1,2,1,1,1,0,0,0,0,-96,0,6,1,23433326,0,110,0,0,23.8142,384,[110 96 6 0 0 0 0 0 0 0 0 0 22 -2 22 -1 23 0 23 4 22 2 22 1 22 3 22 2 21 3 21 4 21 4 20 4 20 4 19 4 19 4 19 4 18 4 16 3 17 4 17 4 17 3 16 3 15 3 16 3 15 3 15 2 0 0 14 1 13 2 14 1 12 0 13 0 12 -1 12 -1 12 -2 11 -1 11 -1 11 -3 10 -3 10 -4 10 -3 10 -3 10 -4 10 -5 9 -5 8 -5 8 -6 8 -6 7 -6 7 -7 7 -7 6 -7 5 -7 0 0 0 0 0 0 0 0 0 0 ]
CSI_DATA,STA,00:70:07:26:35:95,-64,11,1,2,1,1,1,0,0,0,0,-96,0,6,1,23527421,0,110,0,0,23.9083,384,[110 96 6 0 0 0 0 0 0 0 0 0 9 22 7 23 6 25 5 25 5 25 5 25 5 24 4 23 4 23 3 22 2 24 2 23 2 23 1 22 2 21 1 22 1 21 1 19 1 20 1 19 1 19 1 18 2 17 1 17 2 17 2 17 0 0 3 16 3 15 3 15 4 14 4 13 4 13 5 13 5 12 6 12 7 10 7 11 7 10 6 10 7 9 8 9 9 9 8 9 9 8 9 8 9 6 9 6 9 5 9 6 10 5 10 5 10 4 0 0 0 0 0 0 0 0 0 0 ]
CSI_DATA,STA,00:70:07:26:35:95,-65,11,1,2,1,1,1,0,0,0,0,-96,0,6,1,23622601,0,110,0,0,24.0034,384,[110 96 6 0 0 0 0 0 0 0 0 0 -24 0 -25 0 -24 -2 -24 -4 -24 -3 -24 -4 -23 -5 -24 -5 -22 -5 -22 -5 -23 -6 -22 -7 -21 -7 -21 -7 -20 -7 -21 -8 -20 -8 -19 -6 -19 -6 -19 -6 -18 -7 -18 -6 -17 -6 -17 -6 -17 -6 -17 -5 0 0 -16 -4 -16 -4 -16 -4 -15 -3 -15 -3 -15 -3 -15 -2 -14 -1 -15 -1 -15 0 -15 0 -13 1 -14 1 -14 2 -13 1 -14 2 -13 3 -14 3 -13 4 -12 4 -12 4 -11 5 -12 5 -11 5 -11 6 -10 6 0 0 0 0 0 0 0 0 0 0 ]
CSI_DATA,STA,00:70:07:26:35:95,-67,11,1,2,1,1,1,0,0,0,0,-96,0,6,1,23715947,0,110,0,0,24.0968,384,[110 96 6 0 0 0 0 0 0 0 0 0 -19 11 -20 10 -19 9 -20 8 -19 9 -21 7 -21 7 -20 5 -20 5 -19 5 -21 5 -20 4 -20 4 -19 4 -19 4 -19 3 -19 3 -17 3 -18 3 -17 3 -17 3 -16 3 -16 2 -16 3 -16 3 -15 4 0 0 -14 4 -14 4 -14 4 -12 5 -13 5 -12 4 -11 4 -11 5 -10 6 -8 6 -10 6 -9 7 -9 6 -9 6 -8 7 -8 7 -7 7 -7 8 -7 8 -6 8 -5 8 -5 7 -5 8 -5 9 -3 8 -3 8 0 0 0 0 0 0 0 0 0 0 ]
CSI_DATA,STA,00:70:07:26:35:95,-59,11,0,0,0,0,0,0,0,0,0,-96,0,6,1,23798490,0,110,0,0,24.1795,128,[110 96 6 0 0 0 0 0 0 0 0 0 10 -9 37 -3 32 -7 39 -20 35 -18 9 -17 12 -20 20 -11 29 -10 13 -22 24 -2 21 0 28 -5 27 -1 18 -4 25 3 24 4 25 5 22 1 23 5 20 4 22 5 19 7 20 7 20 7 19 8 0 0 18 7 17 8 18 8 15 7 15 7 16 7 15 8 14 7 15 7 15 7 14 8 13 7 13 7 13 7 13 7 13 7 13 6 13 7 13 7 12 7 13 7 12 7 11 6 12 7 11 6 12 6 0 0 0 0 0 0 0 0 0 0 ]
CSI_DATA,STA,00:70:07:26:35:95,-60,11,0,0,0,0,0,0,0,0,0,-96,0,6,1,23894987,0,110,0,0,24.276,128,[110 96 6 0 0 0 0 0 0 0 0 0 30 2 29 3 31 5 31 6 29 7 29 7 29 9 27 9 28 9 27 9 27 10 27 10 26 10 25 9 23 10 26 10 23 10 22 9 22 9 22 9 20 9 20 9 19 7 21 8 21 7 20 7 0 0 19 5 19 5 20 5 18 3 17 3 18 3 17 3 17 1 17 1 17 0 18 -1 17 -1 16 -2 16 -2 16 -3 17 -3 16 -4 15 -4 16 -5 15 -5 15 -6 14 -6 15 -7 14 -8 13 -8 13 -9 0 0 0 0 0 0 0 0 0 0 ]
CSI_DATA,STA,00:70:07:26:35:95,-64,11,1,2,1,1,1,0,0,0,0,-96,0,6,1,23980760,0,110,0,0,24.3616,384,[110 96 6 0 0 0 0 0 0 0 0 0 5 21 4 22 3 22 2 23 2 22 1 23 1 23 0 22 0 22 -1 21 -1 23 -2 22 -2 22 -2 21 -3 20 -2 21 -3 20 -3 19 -3 19 -4 19 -3 18 -3 18 -2 18 -2 18 -2 17 -2 18 0 0 -1 16 -1 15 -1 16 0 15 0 15 0 15 0 15 1 14 1 13 1 12 3 14 3 12 3 14 3 12 4 12 4 13 4 12 6 12 5 12 6 11 5 11 5 11 6 10 7 10 7 9 7 9 0 0 0 0 0 0 0 0 0 0 ]
CSI_DATA,STA,00:70:07:26:35:95,-65,11,1,2,1,1,1,0,0,0,0,-96,0,6,1,24079052,0,110,0,0,24.4599,384,[110 96 6 0 0 0 0 0 0 0 0 0 0 23 0 23 -1 23 -3 23 -2 22 -3 23 -4 22 -4 22 -5 21 -5 20 -5 21 -7 21 -6 20 -6 19 -6 19 -6 20 -5 19 -5 17 -6 18 -6 18 -5 17 -5 17 -5 16 -5 16 -4 16 -4 16 0 0 -3 15 -3 15 -2 15 -1 14 -2 14 -1 13 0 14 0 14 1 13 2 12 1 13 2 12 3 12 3 12 3 12 3 12 3 11 5 11 5 11 5 10 5 10 6 9 6 9 6 9 6 8 7 8 0 0 0 0 0 0 0 0 0 0 ]
